Archivo;Año;Mes Num;Mes;Concepto;Grupo;Importe;Total Recibo;Pagado;Deuda
1.pdf;2019;1;ENERO;CUOTACOMUNIDAD;;72,24;102,32;0,00;102,32
1.pdf;2019;1;ENERO;ACS-AGUA CALIENTE;;12,65;102,32;0,00;102,32
1.pdf;2019;1;ENERO;CALEFACCION;;17,43;102,32;0,00;102,32
10.pdf;2019;10;OCTUBRE;CUOTACOMUNIDAD;;72,24;82,55;82,55;0,00
10.pdf;2019;10;OCTUBRE;ACS-AGUA CALIENTE;;10,31;82,55;82,55;0,00
11.pdf;2019;11;NOVIEMBRE;CUOTACOMUNIDAD;;72,24;96,88;96,88;0,00
11.pdf;2019;11;NOVIEMBRE;ACS-AGUA CALIENTE;;23,31;96,88;96,88;0,00
11.pdf;2019;11;NOVIEMBRE;CALEFACCION;;1,33;96,88;96,88;0,00
12.pdf;2019;12;ENERO;CUOTACOMUNIDAD;;72,24;110,19;110,19;0,00
12.pdf;2019;12;ENERO;ACS-AGUA CALIENTE;;17,37;110,19;110,19;0,00
12.pdf;2019;12;ENERO;CALEFACCION;;20,58;110,19;110,19;0,00
2.pdf;2019;2;FEBRERO;CUOTACOMUNIDAD;;72,24;117,31;0,00;117,31
2.pdf;2019;2;FEBRERO;ACS-AGUA CALIENTE;;20,29;117,31;0,00;117,31
2.pdf;2019;2;FEBRERO;CALEFACCION;;24,78;117,31;0,00;117,31
3.pdf;2019;3;MARZO;CUOTACOMUNIDAD;;72,24;124,67;0,00;124,67
3.pdf;2019;3;MARZO;ACS-AGUA CALIENTE;;25,34;124,67;0,00;124,67
3.pdf;2019;3;MARZO;CALEFACCION;;27,09;124,67;0,00;124,67
4.pdf;2019;4;ABRIL;CUOTACOMUNIDAD;;72,24;99,98;0,00;99,98
4.pdf;2019;4;ABRIL;ACS-AGUA CALIENTE;;21,65;99,98;0,00;99,98
4.pdf;2019;4;ABRIL;CALEFACCION;;6,09;99,98;0,00;99,98
5.pdf;2019;5;MAYO;CUOTACOMUNIDAD;;72,24;96,65;96,65;0,00
5.pdf;2019;5;MAYO;ACS-AGUA CALIENTE;;21,96;96,65;96,65;0,00
5.pdf;2019;5;MAYO;CALEFACCION;;2,45;96,65;96,65;0,00
6.pdf;2019;6;JUNIO;CUOTACOMUNIDAD;;72,24;92,27;92,27;0,00
6.pdf;2019;6;JUNIO;ACS-AGUA CALIENTE;;20,03;92,27;92,27;0,00
7.pdf;2019;7;JULIO;CUOTACOMUNIDAD;;72,24;90,96;90,96;0,00
7.pdf;2019;7;JULIO;ACS-AGUA CALIENTE;;18,72;90,96;90,96;0,00
8.pdf;2019;8;AGOSTO;CUOTACOMUNIDAD;;72,24;92,17;0,00;92,17
8.pdf;2019;8;AGOSTO;ACS-AGUA CALIENTE;;19,93;92,17;0,00;92,17
9.pdf;2019;9;SEPTIEMBRE;CUOTACOMUNIDAD;;72,24;93,57;0,00;93,57
9.pdf;2019;9;SEPTIEMBRE;ACS-AGUA CALIENTE;;21,33;93,57;0,00;93,57
1.pdf;2020;1;ENERO;CUOTACOMUNIDAD;;72,24;110,19;110,19;0,00
1.pdf;2020;1;ENERO;ACS-AGUA CALIENTE;;17,37;110,19;110,19;0,00
1.pdf;2020;1;ENERO;CALEFACCION;;20,58;110,19;110,19;0,00
10.pdf;2020;10;OCTUBRE;ACS;L.ANT:465,35 L.ACT:470,20=4,85;21,83;94,07;94,07;0,00
10.pdf;2020;10;OCTUBRE;ADMINISTRACION;ADMINISTRACION;2,66;94,07;94,07;0,00
10.pdf;2020;10;OCTUBRE;COMISIONES BANCARIAS;PRESUPUESTO;0,25;94,07;94,07;0,00
10.pdf;2020;10;OCTUBRE;CONSUMO AGUA CALDERA;GAS NATURAL,ACS Y CALEFACCION;1,38;94,07;94,07;0,00
10.pdf;2020;10;OCTUBRE;CONSUMO DE AGUA;PRESUPUESTO;0,47;94,07;94,07;0,00
10.pdf;2020;10;OCTUBRE;CONSUMO ELECTRICO GARAJE;PRESUPUESTO;7,17;94,07;94,07;0,00
10.pdf;2020;10;OCTUBRE;CONSUMO ELECTRICO PORTALES;PRESUPUESTO;7,17;94,07;94,07;0,00
10.pdf;2020;10;OCTUBRE;FONDO DE PROVISION AL 5%;FONDO DE PROVISIÓN AL 5%;2,17;94,07;94,07;0,00
10.pdf;2020;10;OCTUBRE;LIMPIEZA DE LA COMUNIDAD;PRESUPUESTO;9,11;94,07;94,07;0,00
10.pdf;2020;10;OCTUBRE;MANTENIMIENTO ASCENSORES;PRESUPUESTO;18,50;94,07;94,07;0,00
10.pdf;2020;10;OCTUBRE;MANTENIMIENTO CALDERA;GAS NATURAL,ACS Y CALEFACCION;8,30;94,07;94,07;0,00
10.pdf;2020;10;OCTUBRE;MANTENIMIENTO DE EXTINCION DE PRESUPUESTO INCENDIOS;;1,59;94,07;94,07;0,00
10.pdf;2020;10;OCTUBRE;OBRAS Y MEJORAS;PRESUPUESTO;1,26;94,07;94,07;0,00
10.pdf;2020;10;OCTUBRE;TERMINO FIJO GAS NATURAL;GAS NATURAL,ACS Y CALEFACCION;5,57;94,07;94,07;0,00
10.pdf;2020;10;OCTUBRE;TERMINO VARIABLE GAS NATURAL GAS NATURAL,ACS Y CALEFACCION;;6,64;94,07;94,07;0,00
11.pdf;2020;11;NOVIMEBRE;ACS;L.ANT:470,20 L.ACT:474,75=4,55;20,47;92,71;92,71;0,00
11.pdf;2020;11;NOVIMEBRE;ADMINISTRACION;ADMINISTRACION;2,66;92,71;92,71;0,00
11.pdf;2020;11;NOVIMEBRE;COMISIONES BANCARIAS;PRESUPUESTO;0,25;92,71;92,71;0,00
11.pdf;2020;11;NOVIMEBRE;CONSUMO AGUA CALDERA;GAS NATURAL,ACS Y CALEFACCION;1,38;92,71;92,71;0,00
11.pdf;2020;11;NOVIMEBRE;CONSUMO DE AGUA;PRESUPUESTO;0,47;92,71;92,71;0,00
11.pdf;2020;11;NOVIMEBRE;CONSUMO ELECTRICO GARAJE;PRESUPUESTO;7,17;92,71;92,71;0,00
11.pdf;2020;11;NOVIMEBRE;CONSUMO ELECTRICO PORTALES;PRESUPUESTO;7,17;92,71;92,71;0,00
11.pdf;2020;11;NOVIMEBRE;FONDO DE PROVISION AL 5%;FONDO DE PROVISIÓN AL 5%;2,17;92,71;92,71;0,00
11.pdf;2020;11;NOVIMEBRE;LIMPIEZA DE LA COMUNIDAD;PRESUPUESTO;9,11;92,71;92,71;0,00
11.pdf;2020;11;NOVIMEBRE;MANTENIMIENTO ASCENSORES;PRESUPUESTO;18,50;92,71;92,71;0,00
11.pdf;2020;11;NOVIMEBRE;MANTENIMIENTO CALDERA;GAS NATURAL,ACS Y CALEFACCION;8,30;92,71;92,71;0,00
11.pdf;2020;11;NOVIMEBRE;MANTENIMIENTO DE EXTINCION DE PRESUPUESTO INCENDIOS;;1,59;92,71;92,71;0,00
11.pdf;2020;11;NOVIMEBRE;OBRAS Y MEJORAS;PRESUPUESTO;1,26;92,71;92,71;0,00
11.pdf;2020;11;NOVIMEBRE;TERMINO FIJO GAS NATURAL;GAS NATURAL,ACS Y CALEFACCION;5,57;92,71;92,71;0,00
11.pdf;2020;11;NOVIMEBRE;TERMINO VARIABLE GAS NATURAL GAS NATURAL,ACS Y CALEFACCION;;6,64;92,71;92,71;0,00
12.pdf;2020;12;DICIEMBRE;CUOTACOMUNIDAD;;72,24;111,33;111,33;0,00
12.pdf;2020;12;DICIEMBRE;ACS-AGUA CALIENTE;;32,09;111,33;111,33;0,00
12.pdf;2020;12;DICIEMBRE;CALEFACCION;;7,00;111,33;111,33;0,00
2.pdf;2020;2;FEBRERO;CUOTACOMUNIDAD;;72,24;115,37;115,37;0,00
2.pdf;2020;2;FEBRERO;ACS-AGUA CALIENTE;;19,89;115,37;115,37;0,00
2.pdf;2020;2;FEBRERO;CALEFACCION;;23,24;115,37;115,37;0,00
3.pdf;2020;3;MARZO;CUOTACOMUNIDAD;;72,24;118,52;118,52;0,00
3.pdf;2020;3;MARZO;ACS-AGUA CALIENTE;;28,85;118,52;118,52;0,00
3.pdf;2020;3;MARZO;CALEFACCION;;17,43;118,52;118,52;0,00
4.pdf;2020;4;ABRIL;CUOTACOMUNIDAD;;72,24;94,03;94,03;0,00
4.pdf;2020;4;ABRIL;ACS-AGUA CALIENTE;;17,87;94,03;94,03;0,00
4.pdf;2020;4;ABRIL;CALEFACCION;;3,92;94,03;94,03;0,00
5.pdf;2020;5;MAYO;CUOTACOMUNIDAD;;72,24;98,11;98,11;0,00
5.pdf;2020;5;MAYO;ACS-AGUA CALIENTE;;25,52;98,11;98,11;0,00
5.pdf;2020;5;MAYO;CALEFACCION;;0,35;98,11;98,11;0,00
6.pdf;2020;6;JUNIO;CUOTACOMUNIDAD;;72,24;93,20;93,20;0,00
6.pdf;2020;6;JUNIO;ACS-AGUA CALIENTE;;20,75;93,20;93,20;0,00
6.pdf;2020;6;JUNIO;CALEFACCION;;0,21;93,20;93,20;0,00
7.pdf;2020;7;JULIO;CUOTACOMUNIDAD;;72,24;92,99;92,99;0,00
7.pdf;2020;7;JULIO;ACS-AGUA CALIENTE;;20,75;92,99;92,99;0,00
8.pdf;2020;8;AGOSTO;ACS;L.ANT:460,20 L.ACT:463,45=3,25;14,63;86,87;86,87;0,00
8.pdf;2020;8;AGOSTO;ADMINISTRACION;ADMINISTRACION;2,66;86,87;86,87;0,00
8.pdf;2020;8;AGOSTO;COMISIONES BANCARIAS;PRESUPUESTO;0,25;86,87;86,87;0,00
8.pdf;2020;8;AGOSTO;CONSUMO AGUA CALDERA;GAS NATURAL,ACS Y CALEFACCION;1,38;86,87;86,87;0,00
8.pdf;2020;8;AGOSTO;CONSUMO DE AGUA;PRESUPUESTO;0,47;86,87;86,87;0,00
8.pdf;2020;8;AGOSTO;CONSUMO ELECTRICO GARAJE;PRESUPUESTO;7,17;86,87;86,87;0,00
8.pdf;2020;8;AGOSTO;CONSUMO ELECTRICO PORTALES;PRESUPUESTO;7,17;86,87;86,87;0,00
8.pdf;2020;8;AGOSTO;FONDO DE PROVISION AL 5%;FONDO DE PROVISIÓN AL 5%;2,17;86,87;86,87;0,00
8.pdf;2020;8;AGOSTO;LIMPIEZA DE LA COMUNIDAD;PRESUPUESTO;9,11;86,87;86,87;0,00
8.pdf;2020;8;AGOSTO;MANTENIMIENTO ASCENSORES;PRESUPUESTO;18,50;86,87;86,87;0,00
8.pdf;2020;8;AGOSTO;MANTENIMIENTO CALDERA;GAS NATURAL,ACS Y CALEFACCION;8,30;86,87;86,87;0,00
8.pdf;2020;8;AGOSTO;MANTENIMIENTO DE EXTINCION DE PRESUPUESTO INCENDIOS;;1,59;86,87;86,87;0,00
8.pdf;2020;8;AGOSTO;OBRAS Y MEJORAS;PRESUPUESTO;1,26;86,87;86,87;0,00
8.pdf;2020;8;AGOSTO;TERMINO FIJO GAS NATURAL;GAS NATURAL,ACS Y CALEFACCION;5,57;86,87;86,87;0,00
8.pdf;2020;8;AGOSTO;TERMINO VARIABLE GAS NATURAL GAS NATURAL,ACS Y CALEFACCION;;6,64;86,87;86,87;0,00
9.pdf;2020;9;SEPTIEMBRE;ACS;L.ANT:463,45 L.ACT:465,35=1,90;8,55;80,79;80,79;0,00
9.pdf;2020;9;SEPTIEMBRE;ADMINISTRACION;ADMINISTRACION;2,66;80,79;80,79;0,00
9.pdf;2020;9;SEPTIEMBRE;COMISIONES BANCARIAS;PRESUPUESTO;0,25;80,79;80,79;0,00
9.pdf;2020;9;SEPTIEMBRE;CONSUMO AGUA CALDERA;GAS NATURAL,ACS Y CALEFACCION;1,38;80,79;80,79;0,00
9.pdf;2020;9;SEPTIEMBRE;CONSUMO DE AGUA;PRESUPUESTO;0,47;80,79;80,79;0,00
9.pdf;2020;9;SEPTIEMBRE;CONSUMO ELECTRICO GARAJE;PRESUPUESTO;7,17;80,79;80,79;0,00
9.pdf;2020;9;SEPTIEMBRE;CONSUMO ELECTRICO PORTALES;PRESUPUESTO;7,17;80,79;80,79;0,00
9.pdf;2020;9;SEPTIEMBRE;FONDO DE PROVISION AL 5%;FONDO DE PROVISIÓN AL 5%;2,17;80,79;80,79;0,00
9.pdf;2020;9;SEPTIEMBRE;LIMPIEZA DE LA COMUNIDAD;PRESUPUESTO;9,11;80,79;80,79;0,00
9.pdf;2020;9;SEPTIEMBRE;MANTENIMIENTO ASCENSORES;PRESUPUESTO;18,50;80,79;80,79;0,00
9.pdf;2020;9;SEPTIEMBRE;MANTENIMIENTO CALDERA;GAS NATURAL,ACS Y CALEFACCION;8,30;80,79;80,79;0,00
9.pdf;2020;9;SEPTIEMBRE;MANTENIMIENTO DE EXTINCION DE PRESUPUESTO INCENDIOS;;1,59;80,79;80,79;0,00
9.pdf;2020;9;SEPTIEMBRE;OBRAS Y MEJORAS;PRESUPUESTO;1,26;80,79;80,79;0,00
9.pdf;2020;9;SEPTIEMBRE;TERMINO FIJO GAS NATURAL;GAS NATURAL,ACS Y CALEFACCION;5,57;80,79;80,79;0,00
9.pdf;2020;9;SEPTIEMBRE;TERMINO VARIABLE GAS NATURAL GAS NATURAL,ACS Y CALEFACCION;;6,64;80,79;80,79;0,00
1.pdf;2021;1;ENERO;ACS;L.ANT:481,88 L.ACT:487,12=5,24;23,58;122,70;122,70;0,00
1.pdf;2021;1;ENERO;ADMINISTRACION;ADMINISTRACION;2,66;122,70;122,70;0,00
1.pdf;2021;1;ENERO;CALEF.;L.ANT:20367,00;26,88;122,70;122,70;0,00
1.pdf;2021;1;ENERO;COMISIONES BANCARIAS;PRESUPUESTO;0,25;122,70;122,70;0,00
1.pdf;2021;1;ENERO;CONSUMO AGUA CALDERA;GAS NATURAL,ACS Y CALEFACCION;1,38;122,70;122,70;0,00
1.pdf;2021;1;ENERO;CONSUMO DE AGUA;PRESUPUESTO;0,47;122,70;122,70;0,00
1.pdf;2021;1;ENERO;CONSUMO ELECTRICO GARAJE;PRESUPUESTO;7,17;122,70;122,70;0,00
1.pdf;2021;1;ENERO;CONSUMO ELECTRICO PORTALES;PRESUPUESTO;7,17;122,70;122,70;0,00
1.pdf;2021;1;ENERO;FONDO DE PROVISION AL 5%;FONDO DE PROVISIÓN AL 5%;2,17;122,70;122,70;0,00
1.pdf;2021;1;ENERO;LIMPIEZA DE LA COMUNIDAD;PRESUPUESTO;9,11;122,70;122,70;0,00
1.pdf;2021;1;ENERO;MANTENIMIENTO ASCENSORES;PRESUPUESTO;18,50;122,70;122,70;0,00
1.pdf;2021;1;ENERO;MANTENIMIENTO CALDERA;GAS NATURAL,ACS Y CALEFACCION;8,30;122,70;122,70;0,00
1.pdf;2021;1;ENERO;MANTENIMIENTO DE EXTINCION DE PRESUPUESTO INCENDIOS;;1,59;122,70;122,70;0,00
1.pdf;2021;1;ENERO;OBRAS Y MEJORAS;PRESUPUESTO;1,26;122,70;122,70;0,00
1.pdf;2021;1;ENERO;TERMINO FIJO GAS NATURAL;GAS NATURAL,ACS Y CALEFACCION;5,57;122,70;122,70;0,00
1.pdf;2021;1;ENERO;TERMINO VARIABLE GAS NATURAL GAS NATURAL,ACS Y CALEFACCION;;6,64;122,70;122,70;0,00
10.pdf;2021;10;OCTUBRE;ACS;L.ANT:525,29 L.ACT:530,19=4,90;22,05;94,29;94,29;0,00
10.pdf;2021;10;OCTUBRE;ADMINISTRACION;ADMINISTRACION;2,66;94,29;94,29;0,00
10.pdf;2021;10;OCTUBRE;COMISIONES BANCARIAS;PRESUPUESTO;0,25;94,29;94,29;0,00
10.pdf;2021;10;OCTUBRE;CONSUMO AGUA CALDERA;GAS NATURAL,ACS Y CALEFACCION;1,38;94,29;94,29;0,00
10.pdf;2021;10;OCTUBRE;CONSUMO DE AGUA;PRESUPUESTO;0,47;94,29;94,29;0,00
10.pdf;2021;10;OCTUBRE;CONSUMO ELECTRICO GARAJE;PRESUPUESTO;7,17;94,29;94,29;0,00
10.pdf;2021;10;OCTUBRE;CONSUMO ELECTRICO PORTALES;PRESUPUESTO;7,17;94,29;94,29;0,00
10.pdf;2021;10;OCTUBRE;FONDO DE PROVISION AL 5%;FONDO DE PROVISIÓN AL 5%;2,17;94,29;94,29;0,00
10.pdf;2021;10;OCTUBRE;LIMPIEZA DE LA COMUNIDAD;PRESUPUESTO;9,11;94,29;94,29;0,00
10.pdf;2021;10;OCTUBRE;MANTENIMIENTO ASCENSORES;PRESUPUESTO;18,50;94,29;94,29;0,00
10.pdf;2021;10;OCTUBRE;MANTENIMIENTO CALDERA;GAS NATURAL,ACS Y CALEFACCION;8,30;94,29;94,29;0,00
10.pdf;2021;10;OCTUBRE;MANTENIMIENTO DE EXTINCION DE PRESUPUESTO INCENDIOS;;1,59;94,29;94,29;0,00
10.pdf;2021;10;OCTUBRE;OBRAS Y MEJORAS;PRESUPUESTO;1,26;94,29;94,29;0,00
10.pdf;2021;10;OCTUBRE;TERMINO FIJO GAS NATURAL;GAS NATURAL,ACS Y CALEFACCION;5,57;94,29;94,29;0,00
10.pdf;2021;10;OCTUBRE;TERMINO VARIABLE GAS NATURAL GAS NATURAL,ACS Y CALEFACCION;;6,64;94,29;94,29;0,00
11.pdf;2021;11;NOVIEMBRE;ACS;L.ANT:530,19 L.ACT:533,31=3,12;14,04;86,28;86,28;0,00
11.pdf;2021;11;NOVIEMBRE;ADMINISTRACION;ADMINISTRACION;2,66;86,28;86,28;0,00
11.pdf;2021;11;NOVIEMBRE;COMISIONES BANCARIAS;PRESUPUESTO;0,25;86,28;86,28;0,00
11.pdf;2021;11;NOVIEMBRE;CONSUMO AGUA CALDERA;GAS NATURAL,ACS Y CALEFACCION;1,38;86,28;86,28;0,00
11.pdf;2021;11;NOVIEMBRE;CONSUMO DE AGUA;PRESUPUESTO;0,47;86,28;86,28;0,00
11.pdf;2021;11;NOVIEMBRE;CONSUMO ELECTRICO GARAJE;PRESUPUESTO;7,17;86,28;86,28;0,00
11.pdf;2021;11;NOVIEMBRE;CONSUMO ELECTRICO PORTALES;PRESUPUESTO;7,17;86,28;86,28;0,00
11.pdf;2021;11;NOVIEMBRE;FONDO DE PROVISION AL 5%;FONDO DE PROVISIÓN AL 5%;2,17;86,28;86,28;0,00
11.pdf;2021;11;NOVIEMBRE;LIMPIEZA DE LA COMUNIDAD;PRESUPUESTO;9,11;86,28;86,28;0,00
11.pdf;2021;11;NOVIEMBRE;MANTENIMIENTO ASCENSORES;PRESUPUESTO;18,50;86,28;86,28;0,00
11.pdf;2021;11;NOVIEMBRE;MANTENIMIENTO CALDERA;GAS NATURAL,ACS Y CALEFACCION;8,30;86,28;86,28;0,00
11.pdf;2021;11;NOVIEMBRE;MANTENIMIENTO DE EXTINCION DE PRESUPUESTO INCENDIOS;;1,59;86,28;86,28;0,00
11.pdf;2021;11;NOVIEMBRE;OBRAS Y MEJORAS;PRESUPUESTO;1,26;86,28;86,28;0,00
11.pdf;2021;11;NOVIEMBRE;TERMINO FIJO GAS NATURAL;GAS NATURAL,ACS Y CALEFACCION;5,57;86,28;86,28;0,00
11.pdf;2021;11;NOVIEMBRE;TERMINO VARIABLE GAS NATURAL GAS NATURAL,ACS Y CALEFACCION;;6,64;86,28;86,28;0,00
12.pdf;2021;12;DICIEMBRE;ACS;L.ANT:533,31 L.ACT:538,23=4,92;22,14;94,38;94,38;0,00
12.pdf;2021;12;DICIEMBRE;ADMINISTRACION;ADMINISTRACION;2,66;94,38;94,38;0,00
12.pdf;2021;12;DICIEMBRE;COMISIONES BANCARIAS;PRESUPUESTO;0,25;94,38;94,38;0,00
12.pdf;2021;12;DICIEMBRE;CONSUMO AGUA CALDERA;GAS NATURAL,ACS Y CALEFACCION;1,38;94,38;94,38;0,00
12.pdf;2021;12;DICIEMBRE;CONSUMO DE AGUA;PRESUPUESTO;0,47;94,38;94,38;0,00
12.pdf;2021;12;DICIEMBRE;CONSUMO ELECTRICO GARAJE;PRESUPUESTO;7,17;94,38;94,38;0,00
12.pdf;2021;12;DICIEMBRE;CONSUMO ELECTRICO PORTALES;PRESUPUESTO;7,17;94,38;94,38;0,00
12.pdf;2021;12;DICIEMBRE;FONDO DE PROVISION AL 5%;FONDO DE PROVISIÓN AL 5%;2,17;94,38;94,38;0,00
12.pdf;2021;12;DICIEMBRE;LIMPIEZA DE LA COMUNIDAD;PRESUPUESTO;9,11;94,38;94,38;0,00
12.pdf;2021;12;DICIEMBRE;MANTENIMIENTO ASCENSORES;PRESUPUESTO;18,50;94,38;94,38;0,00
12.pdf;2021;12;DICIEMBRE;MANTENIMIENTO CALDERA;GAS NATURAL,ACS Y CALEFACCION;8,30;94,38;94,38;0,00
12.pdf;2021;12;DICIEMBRE;MANTENIMIENTO DE EXTINCION DE PRESUPUESTO INCENDIOS;;1,59;94,38;94,38;0,00
12.pdf;2021;12;DICIEMBRE;OBRAS Y MEJORAS;PRESUPUESTO;1,26;94,38;94,38;0,00
12.pdf;2021;12;DICIEMBRE;TERMINO FIJO GAS NATURAL;GAS NATURAL,ACS Y CALEFACCION;5,57;94,38;94,38;0,00
12.pdf;2021;12;DICIEMBRE;TERMINO VARIABLE GAS NATURAL GAS NATURAL,ACS Y CALEFACCION;;6,64;94,38;94,38;0,00
2.pdf;2021;2;FEBRERO;CUOTACOMUNIDAD;;72,24;122,17;122,17;0,00
2.pdf;2021;2;FEBRERO;ACS-AGUA CALIENTE;;20,11;122,17;122,17;0,00
2.pdf;2021;2;FEBRERO;CALEFACCION;;29,82;122,17;122,17;0,00
3.pdf;2021;3;MARZO;ACS;L.ANT:491,59 L.ACT:497,50=5,91;26,60;123,06;123,06;0,00
3.pdf;2021;3;MARZO;ADMINISTRACION;ADMINISTRACION;2,66;123,06;123,06;0,00
3.pdf;2021;3;MARZO;CALEF.;L.ANT:21177,00;24,22;123,06;123,06;0,00
3.pdf;2021;3;MARZO;COMISIONES BANCARIAS;PRESUPUESTO;0,25;123,06;123,06;0,00
3.pdf;2021;3;MARZO;CONSUMO AGUA CALDERA;GAS NATURAL,ACS Y CALEFACCION;1,38;123,06;123,06;0,00
3.pdf;2021;3;MARZO;CONSUMO DE AGUA;PRESUPUESTO;0,47;123,06;123,06;0,00
3.pdf;2021;3;MARZO;CONSUMO ELECTRICO GARAJE;PRESUPUESTO;7,17;123,06;123,06;0,00
3.pdf;2021;3;MARZO;CONSUMO ELECTRICO PORTALES;PRESUPUESTO;7,17;123,06;123,06;0,00
3.pdf;2021;3;MARZO;FONDO DE PROVISION AL 5%;FONDO DE PROVISIÓN AL 5%;2,17;123,06;123,06;0,00
3.pdf;2021;3;MARZO;LIMPIEZA DE LA COMUNIDAD;PRESUPUESTO;9,11;123,06;123,06;0,00
3.pdf;2021;3;MARZO;MANTENIMIENTO ASCENSORES;PRESUPUESTO;18,50;123,06;123,06;0,00
3.pdf;2021;3;MARZO;MANTENIMIENTO CALDERA;GAS NATURAL,ACS Y CALEFACCION;8,30;123,06;123,06;0,00
3.pdf;2021;3;MARZO;MANTENIMIENTO DE EXTINCION DE PRESUPUESTO INCENDIOS;;1,59;123,06;123,06;0,00
3.pdf;2021;3;MARZO;OBRAS Y MEJORAS;PRESUPUESTO;1,26;123,06;123,06;0,00
3.pdf;2021;3;MARZO;TERMINO FIJO GAS NATURAL;GAS NATURAL,ACS Y CALEFACCION;5,57;123,06;123,06;0,00
3.pdf;2021;3;MARZO;TERMINO VARIABLE GAS NATURAL GAS NATURAL,ACS Y CALEFACCION;;6,64;123,06;123,06;0,00
4.pdf;2021;4;ABRIL;CUOTACOMUNIDAD;;72,24;96,80;0,00;96,80
4.pdf;2021;4;ABRIL;ACS-AGUA CALIENTE;;20,43;96,80;0,00;96,80
4.pdf;2021;4;ABRIL;CALEFACCION;;4,13;96,80;0,00;96,80
5.pdf;2021;5;MAYO;ACS;L.ANT:502,04 L.ACT:506,71=4,67;21,02;93,26;93,26;0,00
5.pdf;2021;5;MAYO;ADMINISTRACION;ADMINISTRACION;2,66;93,26;93,26;0,00
5.pdf;2021;5;MAYO;COMISIONES BANCARIAS;PRESUPUESTO;0,25;93,26;93,26;0,00
5.pdf;2021;5;MAYO;CONSUMO AGUA CALDERA;GAS NATURAL,ACS Y CALEFACCION;1,38;93,26;93,26;0,00
5.pdf;2021;5;MAYO;CONSUMO DE AGUA;PRESUPUESTO;0,47;93,26;93,26;0,00
5.pdf;2021;5;MAYO;CONSUMO ELECTRICO GARAJE;PRESUPUESTO;7,17;93,26;93,26;0,00
5.pdf;2021;5;MAYO;CONSUMO ELECTRICO PORTALES;PRESUPUESTO;7,17;93,26;93,26;0,00
5.pdf;2021;5;MAYO;FONDO DE PROVISION AL 5%;FONDO DE PROVISIÓN AL 5%;2,17;93,26;93,26;0,00
5.pdf;2021;5;MAYO;LIMPIEZA DE LA COMUNIDAD;PRESUPUESTO;9,11;93,26;93,26;0,00
5.pdf;2021;5;MAYO;MANTENIMIENTO ASCENSORES;PRESUPUESTO;18,50;93,26;93,26;0,00
5.pdf;2021;5;MAYO;MANTENIMIENTO CALDERA;GAS NATURAL,ACS Y CALEFACCION;8,30;93,26;93,26;0,00
5.pdf;2021;5;MAYO;MANTENIMIENTO DE EXTINCION DE PRESUPUESTO INCENDIOS;;1,59;93,26;93,26;0,00
5.pdf;2021;5;MAYO;OBRAS Y MEJORAS;PRESUPUESTO;1,26;93,26;93,26;0,00
5.pdf;2021;5;MAYO;TERMINO FIJO GAS NATURAL;GAS NATURAL,ACS Y CALEFACCION;5,57;93,26;93,26;0,00
5.pdf;2021;5;MAYO;TERMINO VARIABLE GAS NATURAL GAS NATURAL,ACS Y CALEFACCION;;6,64;93,26;93,26;0,00
6.pdf;2021;6;JUNIO;CUOTACOMUNIDAD;;72,24;91,64;0,00;91,64
6.pdf;2021;6;JUNIO;ACS-AGUA CALIENTE;;19,40;91,64;0,00;91,64
7.pdf;2021;7;JULIO;ACS;L.ANT:511,02 L.ACT:517,03=6,01;27,05;99,29;99,29;0,00
7.pdf;2021;7;JULIO;ADMINISTRACION;ADMINISTRACION;2,66;99,29;99,29;0,00
7.pdf;2021;7;JULIO;COMISIONES BANCARIAS;PRESUPUESTO;0,25;99,29;99,29;0,00
7.pdf;2021;7;JULIO;CONSUMO AGUA CALDERA;GAS NATURAL,ACS Y CALEFACCION;1,38;99,29;99,29;0,00
7.pdf;2021;7;JULIO;CONSUMO DE AGUA;PRESUPUESTO;0,47;99,29;99,29;0,00
7.pdf;2021;7;JULIO;CONSUMO ELECTRICO GARAJE;PRESUPUESTO;7,17;99,29;99,29;0,00
7.pdf;2021;7;JULIO;CONSUMO ELECTRICO PORTALES;PRESUPUESTO;7,17;99,29;99,29;0,00
7.pdf;2021;7;JULIO;FONDO DE PROVISION AL 5%;FONDO DE PROVISIÓN AL 5%;2,17;99,29;99,29;0,00
7.pdf;2021;7;JULIO;LIMPIEZA DE LA COMUNIDAD;PRESUPUESTO;9,11;99,29;99,29;0,00
7.pdf;2021;7;JULIO;MANTENIMIENTO ASCENSORES;PRESUPUESTO;18,50;99,29;99,29;0,00
7.pdf;2021;7;JULIO;MANTENIMIENTO CALDERA;GAS NATURAL,ACS Y CALEFACCION;8,30;99,29;99,29;0,00
7.pdf;2021;7;JULIO;MANTENIMIENTO DE EXTINCION DE PRESUPUESTO INCENDIOS;;1,59;99,29;99,29;0,00
7.pdf;2021;7;JULIO;OBRAS Y MEJORAS;PRESUPUESTO;1,26;99,29;99,29;0,00
7.pdf;2021;7;JULIO;TERMINO FIJO GAS NATURAL;GAS NATURAL,ACS Y CALEFACCION;5,57;99,29;99,29;0,00
7.pdf;2021;7;JULIO;TERMINO VARIABLE GAS NATURAL GAS NATURAL,ACS Y CALEFACCION;;6,64;99,29;99,29;0,00
8.pdf;2021;8;AGOSTO;ACS;L.ANT:517,03 L.ACT:519,96=2,93;13,19;85,43;85,43;0,00
8.pdf;2021;8;AGOSTO;ADMINISTRACION;ADMINISTRACION;2,66;85,43;85,43;0,00
8.pdf;2021;8;AGOSTO;COMISIONES BANCARIAS;PRESUPUESTO;0,25;85,43;85,43;0,00
8.pdf;2021;8;AGOSTO;CONSUMO AGUA CALDERA;GAS NATURAL,ACS Y CALEFACCION;1,38;85,43;85,43;0,00
8.pdf;2021;8;AGOSTO;CONSUMO DE AGUA;PRESUPUESTO;0,47;85,43;85,43;0,00
8.pdf;2021;8;AGOSTO;CONSUMO ELECTRICO GARAJE;PRESUPUESTO;7,17;85,43;85,43;0,00
8.pdf;2021;8;AGOSTO;CONSUMO ELECTRICO PORTALES;PRESUPUESTO;7,17;85,43;85,43;0,00
8.pdf;2021;8;AGOSTO;FONDO DE PROVISION AL 5%;FONDO DE PROVISIÓN AL 5%;2,17;85,43;85,43;0,00
8.pdf;2021;8;AGOSTO;LIMPIEZA DE LA COMUNIDAD;PRESUPUESTO;9,11;85,43;85,43;0,00
8.pdf;2021;8;AGOSTO;MANTENIMIENTO ASCENSORES;PRESUPUESTO;18,50;85,43;85,43;0,00
8.pdf;2021;8;AGOSTO;MANTENIMIENTO CALDERA;GAS NATURAL,ACS Y CALEFACCION;8,30;85,43;85,43;0,00
8.pdf;2021;8;AGOSTO;MANTENIMIENTO DE EXTINCION DE PRESUPUESTO INCENDIOS;;1,59;85,43;85,43;0,00
8.pdf;2021;8;AGOSTO;OBRAS Y MEJORAS;PRESUPUESTO;1,26;85,43;85,43;0,00
8.pdf;2021;8;AGOSTO;TERMINO FIJO GAS NATURAL;GAS NATURAL,ACS Y CALEFACCION;5,57;85,43;85,43;0,00
8.pdf;2021;8;AGOSTO;TERMINO VARIABLE GAS NATURAL GAS NATURAL,ACS Y CALEFACCION;;6,64;85,43;85,43;0,00
9.pdf;2021;9;SEPTIEMBRE;CUOTACOMUNIDAD;;72,24;96,23;0,00;96,23
9.pdf;2021;9;SEPTIEMBRE;ACS-AGUA CALIENTE;;23,99;96,23;0,00;96,23
1.pdf;2022;1;ENERO;CUOTACOMUNIDAD;;72,24;127,47;127,47;0,00
1.pdf;2022;1;ENERO;ACS-AGUA CALIENTE;;34,65;127,47;127,47;0,00
1.pdf;2022;1;ENERO;CALEFACCION;;20,58;127,47;127,47;0,00
10.pdf;2022;10;OCTUBRE;ACS;L.ANT:587,29 L.ACT:588,22=0,93;18,68;119,34;119,34;0,00
10.pdf;2022;10;OCTUBRE;ADMINISTRACION;ADMINISTRACION;2,95;119,34;119,34;0,00
10.pdf;2022;10;OCTUBRE;COMISIONES BANCARIAS;PRESUPUESTO;1,70;119,34;119,34;0,00
10.pdf;2022;10;OCTUBRE;CONSUMO DE AGUA;PRESUPUESTO;0,46;119,34;119,34;0,00
10.pdf;2022;10;OCTUBRE;CONSUMO ELECTRICO GARAJE;PRESUPUESTO;7,59;119,34;119,34;0,00
10.pdf;2022;10;OCTUBRE;CONSUMO ELECTRICO PORTALES;PRESUPUESTO;7,59;119,34;119,34;0,00
10.pdf;2022;10;OCTUBRE;FONDO DE PROVISION AL 10%;FONDO DE PROVISIÓN AL 10%;5,08;119,34;119,34;0,00
10.pdf;2022;10;OCTUBRE;LIMPIEZA DE LA COMUNIDAD;PRESUPUESTO;13,96;119,34;119,34;0,00
10.pdf;2022;10;OCTUBRE;MANTENIMIENTO ASCENSORES;PRESUPUESTO;18,89;119,34;119,34;0,00
10.pdf;2022;10;OCTUBRE;MANTENIMIENTO CALDERA;GAS NATURAL,ACS Y CALEFACCION;8,30;119,34;119,34;0,00
10.pdf;2022;10;OCTUBRE;MANTENIMIENTO DE EXTINCION DE PRESUPUESTO INCENDIOS;;1,85;119,34;119,34;0,00
10.pdf;2022;10;OCTUBRE;OBRAS Y MEJORAS;PRESUPUESTO;1,26;119,34;119,34;0,00
10.pdf;2022;10;OCTUBRE;TERMINO FIJO EXTRA SEPTIEMBRE TERMINO FIJO EXTRA SEPTIEMBRE;;18,97;119,34;119,34;0,00
10.pdf;2022;10;OCTUBRE;TERMINO FIJO GAS NATURAL;GAS NATURAL,ACS Y CALEFACCION;5,42;119,34;119,34;0,00
10.pdf;2022;10;OCTUBRE;TERMINO VARIABLE GAS NATURAL GAS NATURAL,ACS Y CALEFACCION;;6,64;119,34;119,34;0,00
11.pdf;2022;11;NOVIEMBRE;ACS;L.ANT:588,22 L.ACT:592,00=3,78;37,77;119,46;119,46;0,00
11.pdf;2022;11;NOVIEMBRE;ADMINISTRACION;ADMINISTRACION;2,95;119,46;119,46;0,00
11.pdf;2022;11;NOVIEMBRE;COMISIONES BANCARIAS;PRESUPUESTO;1,70;119,46;119,46;0,00
11.pdf;2022;11;NOVIEMBRE;CONSUMO DE AGUA;PRESUPUESTO;0,46;119,46;119,46;0,00
11.pdf;2022;11;NOVIEMBRE;CONSUMO ELECTRICO GARAJE;PRESUPUESTO;7,59;119,46;119,46;0,00
11.pdf;2022;11;NOVIEMBRE;CONSUMO ELECTRICO PORTALES;PRESUPUESTO;7,59;119,46;119,46;0,00
11.pdf;2022;11;NOVIEMBRE;FONDO DE PROVISION AL 10%;FONDO DE PROVISIÓN AL 10%;5,08;119,46;119,46;0,00
11.pdf;2022;11;NOVIEMBRE;LIMPIEZA DE LA COMUNIDAD;PRESUPUESTO;13,96;119,46;119,46;0,00
11.pdf;2022;11;NOVIEMBRE;MANTENIMIENTO ASCENSORES;PRESUPUESTO;18,89;119,46;119,46;0,00
11.pdf;2022;11;NOVIEMBRE;MANTENIMIENTO CALDERA;GAS NATURAL,ACS Y CALEFACCION;8,30;119,46;119,46;0,00
11.pdf;2022;11;NOVIEMBRE;MANTENIMIENTO DE EXTINCION DE PRESUPUESTO INCENDIOS;;1,85;119,46;119,46;0,00
11.pdf;2022;11;NOVIEMBRE;OBRAS Y MEJORAS;PRESUPUESTO;1,26;119,46;119,46;0,00
11.pdf;2022;11;NOVIEMBRE;TERMINO FIJO GAS NATURAL;GAS NATURAL,ACS Y CALEFACCION;5,42;119,46;119,46;0,00
11.pdf;2022;11;NOVIEMBRE;TERMINO VARIABLE GAS NATURAL GAS NATURAL,ACS Y CALEFACCION;;6,64;119,46;119,46;0,00
12.pdf;2022;12;DICIEMBRE;ACS;L.ANT:592,00 L.ACT:597,00=5,00;50,00;140,69;140,69;0,00
12.pdf;2022;12;DICIEMBRE;ADMINISTRACION;ADMINISTRACION;2,95;140,69;140,69;0,00
12.pdf;2022;12;DICIEMBRE;CALEF.;L.ANT:22512,00;9,00;140,69;140,69;0,00
12.pdf;2022;12;DICIEMBRE;COMISIONES BANCARIAS;PRESUPUESTO;1,70;140,69;140,69;0,00
12.pdf;2022;12;DICIEMBRE;CONSUMO DE AGUA;PRESUPUESTO;0,46;140,69;140,69;0,00
12.pdf;2022;12;DICIEMBRE;CONSUMO ELECTRICO GARAJE;PRESUPUESTO;7,59;140,69;140,69;0,00
12.pdf;2022;12;DICIEMBRE;CONSUMO ELECTRICO PORTALES;PRESUPUESTO;7,59;140,69;140,69;0,00
12.pdf;2022;12;DICIEMBRE;FONDO DE PROVISION AL 10%;FONDO DE PROVISIÓN AL 10%;5,08;140,69;140,69;0,00
12.pdf;2022;12;DICIEMBRE;LIMPIEZA DE LA COMUNIDAD;PRESUPUESTO;13,96;140,69;140,69;0,00
12.pdf;2022;12;DICIEMBRE;MANTENIMIENTO ASCENSORES;PRESUPUESTO;18,89;140,69;140,69;0,00
12.pdf;2022;12;DICIEMBRE;MANTENIMIENTO CALDERA;GAS NATURAL,ACS Y CALEFACCION;8,30;140,69;140,69;0,00
12.pdf;2022;12;DICIEMBRE;MANTENIMIENTO DE EXTINCION DE PRESUPUESTO INCENDIOS;;1,85;140,69;140,69;0,00
12.pdf;2022;12;DICIEMBRE;OBRAS Y MEJORAS;PRESUPUESTO;1,26;140,69;140,69;0,00
12.pdf;2022;12;DICIEMBRE;TERMINO FIJO GAS NATURAL;GAS NATURAL,ACS Y CALEFACCION;5,42;140,69;140,69;0,00
12.pdf;2022;12;DICIEMBRE;TERMINO VARIABLE GAS NATURAL GAS NATURAL,ACS Y CALEFACCION;;6,64;140,69;140,69;0,00
2.pdf;2022;2;FEBRERO;ACS;L.ANT:545,93 L.ACT:553,72=7,79;35,06;193,86;0,00;193,86
2.pdf;2022;2;FEBRERO;ADMINISTRACION;ADMINISTRACION;2,95;193,86;0,00;193,86
2.pdf;2022;2;FEBRERO;CALEF.;L.ANT:21876,00;27,09;193,86;0,00;193,86
2.pdf;2022;2;FEBRERO;COMISIONES BANCARIAS;PRESUPUESTO;1,70;193,86;0,00;193,86
2.pdf;2022;2;FEBRERO;CONSUMO DE AGUA;PRESUPUESTO;0,46;193,86;0,00;193,86
2.pdf;2022;2;FEBRERO;CONSUMO ELECTRICO GARAJE;PRESUPUESTO;7,59;193,86;0,00;193,86
2.pdf;2022;2;FEBRERO;CONSUMO ELECTRICO PORTALES;PRESUPUESTO;7,59;193,86;0,00;193,86
2.pdf;2022;2;FEBRERO;FONDO DE PROVISION AL 10%;FONDO DE PROVISIÓN AL 10%;5,08;193,86;0,00;193,86
2.pdf;2022;2;FEBRERO;LIMPIEZA DE LA COMUNIDAD;PRESUPUESTO;13,96;193,86;0,00;193,86
2.pdf;2022;2;FEBRERO;MANTENIMIENTO ASCENSORES;PRESUPUESTO;18,89;193,86;0,00;193,86
2.pdf;2022;2;FEBRERO;MANTENIMIENTO CALDERA;GAS NATURAL,ACS Y CALEFACCION;8,30;193,86;0,00;193,86
2.pdf;2022;2;FEBRERO;MANTENIMIENTO DE EXTINCION DE PRESUPUESTO INCENDIOS;;1,85;193,86;0,00;193,86
2.pdf;2022;2;FEBRERO;OBRAS Y MEJORAS;PRESUPUESTO;1,26;193,86;0,00;193,86
2.pdf;2022;2;FEBRERO;SEGURO COMUNITARIO;SEGURO COMUNITARIO;50,02;193,86;0,00;193,86
2.pdf;2022;2;FEBRERO;TERMINO FIJO GAS NATURAL;GAS NATURAL,ACS Y CALEFACCION;5,42;193,86;0,00;193,86
2.pdf;2022;2;FEBRERO;TERMINO VARIABLE GAS NATURAL GAS NATURAL,ACS Y CALEFACCION;;6,64;193,86;0,00;193,86
3.pdf;2022;3;MARZO;CONSUMOELECTRICOPORTALES;;7,59;117,54;0,00;117,54
3.pdf;2022;3;MARZO;TERMINOFIJOGASNATURAL;;5,42;117,54;0,00;117,54
3.pdf;2022;3;MARZO;ACS-AGUA CALIENTE;;21,85;117,54;0,00;117,54
4.pdf;2022;4;ABRIL;CUOTACOMUNIDAD;;81,69;125,03;0,00;125,03
4.pdf;2022;4;ABRIL;ACS-AGUA CALIENTE;;32,44;125,03;0,00;125,03
4.pdf;2022;4;ABRIL;CALEFACCION;;10,90;125,03;0,00;125,03
5.pdf;2022;5;MAYO;CUOTACOMUNIDAD;;81,69;171,97;0,00;171,97
5.pdf;2022;5;MAYO;ACS-AGUA CALIENTE;;90,28;171,97;0,00;171,97
6.pdf;2022;6;JUNIO;ACS;L.ANT:569,09 L.ACT:574,93=5,84;67,19;165,32;165,32;0,00
6.pdf;2022;6;JUNIO;ADMINISTRACION;ADMINISTRACION;2,95;165,32;165,32;0,00
6.pdf;2022;6;JUNIO;COMISIONES BANCARIAS;PRESUPUESTO;1,70;165,32;165,32;0,00
6.pdf;2022;6;JUNIO;CONSUMO DE AGUA;PRESUPUESTO;0,46;165,32;165,32;0,00
6.pdf;2022;6;JUNIO;CONSUMO ELECTRICO GARAJE;PRESUPUESTO;7,59;165,32;165,32;0,00
6.pdf;2022;6;JUNIO;CONSUMO ELECTRICO PORTALES;PRESUPUESTO;7,59;165,32;165,32;0,00
6.pdf;2022;6;JUNIO;FONDO DE PROVISION AL 10%;FONDO DE PROVISIÓN AL 10%;5,08;165,32;165,32;0,00
6.pdf;2022;6;JUNIO;LIMPIEZA DE LA COMUNIDAD;PRESUPUESTO;13,96;165,32;165,32;0,00
6.pdf;2022;6;JUNIO;MANTENIMIENTO ASCENSORES;PRESUPUESTO;18,89;165,32;165,32;0,00
6.pdf;2022;6;JUNIO;MANTENIMIENTO CALDERA;GAS NATURAL,ACS Y CALEFACCION;8,30;165,32;165,32;0,00
6.pdf;2022;6;JUNIO;MANTENIMIENTO DE EXTINCION DE PRESUPUESTO INCENDIOS;;1,85;165,32;165,32;0,00
6.pdf;2022;6;JUNIO;OBRAS Y MEJORAS;PRESUPUESTO;1,26;165,32;165,32;0,00
6.pdf;2022;6;JUNIO;TERMINO FIJO EXTRA MAYO;TERMINO FIJO EXTRA MAYO;16,44;165,32;165,32;0,00
6.pdf;2022;6;JUNIO;TERMINO FIJO GAS NATURAL;GAS NATURAL,ACS Y CALEFACCION;5,42;165,32;165,32;0,00
6.pdf;2022;6;JUNIO;TERMINO VARIABLE GAS NATURAL GAS NATURAL,ACS Y CALEFACCION;;6,64;165,32;165,32;0,00
6_derrama.pdf;2022;6;JUNIO;DERRAMA LIMPOIEZA FACHADAS;DERRAMA LIMPIEZA FACHADAS;112,71;147,06;147,06;0,00
6_derrama.pdf;2022;6;JUNIO;DERRAMA PINTURA VIVIENDA;DERRAMA PINTURA VIVIENDA;34,35;147,06;147,06;0,00
7.pdf;2022;7;JULIO;ACS;L.ANT:574,93 L.ACT:579,04=4,11;40,56;142,35;142,35;0,00
7.pdf;2022;7;JULIO;ADMINISTRACION;ADMINISTRACION;2,95;142,35;142,35;0,00
7.pdf;2022;7;JULIO;COMISIONES BANCARIAS;PRESUPUESTO;1,70;142,35;142,35;0,00
7.pdf;2022;7;JULIO;CONSUMO DE AGUA;PRESUPUESTO;0,46;142,35;142,35;0,00
7.pdf;2022;7;JULIO;CONSUMO ELECTRICO GARAJE;PRESUPUESTO;7,59;142,35;142,35;0,00
7.pdf;2022;7;JULIO;CONSUMO ELECTRICO PORTALES;PRESUPUESTO;7,59;142,35;142,35;0,00
7.pdf;2022;7;JULIO;FONDO DE PROVISION AL 10%;FONDO DE PROVISIÓN AL 10%;5,08;142,35;142,35;0,00
7.pdf;2022;7;JULIO;LIMPIEZA DE LA COMUNIDAD;PRESUPUESTO;13,96;142,35;142,35;0,00
7.pdf;2022;7;JULIO;MANTENIMIENTO ASCENSORES;PRESUPUESTO;18,89;142,35;142,35;0,00
7.pdf;2022;7;JULIO;MANTENIMIENTO CALDERA;GAS NATURAL,ACS Y CALEFACCION;8,30;142,35;142,35;0,00
7.pdf;2022;7;JULIO;MANTENIMIENTO DE EXTINCION DE PRESUPUESTO INCENDIOS;;1,85;142,35;142,35;0,00
7.pdf;2022;7;JULIO;OBRAS Y MEJORAS;PRESUPUESTO;1,26;142,35;142,35;0,00
7.pdf;2022;7;JULIO;TERMINO FIJO EXTRA JUNIO;TERMINO FIJO EXTRA JUNIO;20,10;142,35;142,35;0,00
7.pdf;2022;7;JULIO;TERMINO FIJO GAS NATURAL;GAS NATURAL,ACS Y CALEFACCION;5,42;142,35;142,35;0,00
7.pdf;2022;7;JULIO;TERMINO VARIABLE GAS NATURAL GAS NATURAL,ACS Y CALEFACCION;;6,64;142,35;142,35;0,00
7_derrama.pdf;2022;7;JULIO;DERRAMA VIDEOPORTEROS;DERRAMA VIDEOPORTEROS;209,87;209,87;209,87;0,00
8.pdf;2022;8;AGOSTO;ACS;L.ANT:579,04 L.ACT:583,97=4,93;37,51;136,81;136,81;0,00
8.pdf;2022;8;AGOSTO;ADMINISTRACION;ADMINISTRACION;2,95;136,81;136,81;0,00
8.pdf;2022;8;AGOSTO;COMISIONES BANCARIAS;PRESUPUESTO;1,70;136,81;136,81;0,00
8.pdf;2022;8;AGOSTO;CONSUMO DE AGUA;PRESUPUESTO;0,46;136,81;136,81;0,00
8.pdf;2022;8;AGOSTO;CONSUMO ELECTRICO GARAJE;PRESUPUESTO;7,59;136,81;136,81;0,00
8.pdf;2022;8;AGOSTO;CONSUMO ELECTRICO PORTALES;PRESUPUESTO;7,59;136,81;136,81;0,00
8.pdf;2022;8;AGOSTO;FONDO DE PROVISION AL 10%;FONDO DE PROVISIÓN AL 10%;5,08;136,81;136,81;0,00
8.pdf;2022;8;AGOSTO;LIMPIEZA DE LA COMUNIDAD;PRESUPUESTO;13,96;136,81;136,81;0,00
8.pdf;2022;8;AGOSTO;MANTENIMIENTO ASCENSORES;PRESUPUESTO;18,89;136,81;136,81;0,00
8.pdf;2022;8;AGOSTO;MANTENIMIENTO CALDERA;GAS NATURAL,ACS Y CALEFACCION;8,30;136,81;136,81;0,00
8.pdf;2022;8;AGOSTO;MANTENIMIENTO DE EXTINCION DE PRESUPUESTO INCENDIOS;;1,85;136,81;136,81;0,00
8.pdf;2022;8;AGOSTO;OBRAS Y MEJORAS;PRESUPUESTO;1,26;136,81;136,81;0,00
8.pdf;2022;8;AGOSTO;TERMINO FIJO EXTRA JULIO;TERMINO FIJO EXTRA JULIO;17,61;136,81;136,81;0,00
8.pdf;2022;8;AGOSTO;TERMINO FIJO GAS NATURAL;GAS NATURAL,ACS Y CALEFACCION;5,42;136,81;136,81;0,00
8.pdf;2022;8;AGOSTO;TERMINO VARIABLE GAS NATURAL GAS NATURAL,ACS Y CALEFACCION;;6,64;136,81;136,81;0,00
9.pdf;2022;9;SEPTIEMBRE;ACS;L.ANT:583,97 L.ACT:587,29=3,32;56,44;169,49;169,49;0,00
9.pdf;2022;9;SEPTIEMBRE;ADMINISTRACION;ADMINISTRACION;2,95;169,49;169,49;0,00
9.pdf;2022;9;SEPTIEMBRE;COMISIONES BANCARIAS;PRESUPUESTO;1,70;169,49;169,49;0,00
9.pdf;2022;9;SEPTIEMBRE;CONSUMO DE AGUA;PRESUPUESTO;0,46;169,49;169,49;0,00
9.pdf;2022;9;SEPTIEMBRE;CONSUMO ELECTRICO GARAJE;PRESUPUESTO;7,59;169,49;169,49;0,00
9.pdf;2022;9;SEPTIEMBRE;CONSUMO ELECTRICO PORTALES;PRESUPUESTO;7,59;169,49;169,49;0,00
9.pdf;2022;9;SEPTIEMBRE;FONDO DE PROVISION AL 10%;FONDO DE PROVISIÓN AL 10%;5,08;169,49;169,49;0,00
9.pdf;2022;9;SEPTIEMBRE;LIMPIEZA DE LA COMUNIDAD;PRESUPUESTO;13,96;169,49;169,49;0,00
9.pdf;2022;9;SEPTIEMBRE;MANTENIMIENTO ASCENSORES;PRESUPUESTO;18,89;169,49;169,49;0,00
9.pdf;2022;9;SEPTIEMBRE;MANTENIMIENTO CALDERA;GAS NATURAL,ACS Y CALEFACCION;8,30;169,49;169,49;0,00
9.pdf;2022;9;SEPTIEMBRE;MANTENIMIENTO DE EXTINCION DE PRESUPUESTO INCENDIOS;;1,85;169,49;169,49;0,00
9.pdf;2022;9;SEPTIEMBRE;OBRAS Y MEJORAS;PRESUPUESTO;1,26;169,49;169,49;0,00
9.pdf;2022;9;SEPTIEMBRE;TERMINO FIJO EXTRA AGOSTO;TERMINO FIJO EXTRA AGOSTO;31,36;169,49;169,49;0,00
9.pdf;2022;9;SEPTIEMBRE;TERMINO FIJO GAS NATURAL;GAS NATURAL,ACS Y CALEFACCION;5,42;169,49;169,49;0,00
9.pdf;2022;9;SEPTIEMBRE;TERMINO VARIABLE GAS NATURAL GAS NATURAL,ACS Y CALEFACCION;;6,64;169,49;169,49;0,00
1.pdf;2023;1;ENERO;ACS;L.ANT:597,00 L.ACT:602,00=5,00;50,00;179,99;179,99;0,00
1.pdf;2023;1;ENERO;ADMINISTRACION;ADMINISTRACION;2,95;179,99;179,99;0,00
1.pdf;2023;1;ENERO;CALEF.;L.ANT:22542,00;48,30;179,99;179,99;0,00
1.pdf;2023;1;ENERO;COMISIONES BANCARIAS;PRESUPUESTO;1,70;179,99;179,99;0,00
1.pdf;2023;1;ENERO;CONSUMO DE AGUA;PRESUPUESTO;0,46;179,99;179,99;0,00
1.pdf;2023;1;ENERO;CONSUMO ELECTRICO GARAJE;PRESUPUESTO;7,59;179,99;179,99;0,00
1.pdf;2023;1;ENERO;CONSUMO ELECTRICO PORTALES;PRESUPUESTO;7,59;179,99;179,99;0,00
1.pdf;2023;1;ENERO;FONDO DE PROVISION AL 10%;FONDO DE PROVISIÓN AL 10%;5,08;179,99;179,99;0,00
1.pdf;2023;1;ENERO;LIMPIEZA DE LA COMUNIDAD;PRESUPUESTO;13,96;179,99;179,99;0,00
1.pdf;2023;1;ENERO;MANTENIMIENTO ASCENSORES;PRESUPUESTO;18,89;179,99;179,99;0,00
1.pdf;2023;1;ENERO;MANTENIMIENTO CALDERA;GAS NATURAL,ACS Y CALEFACCION;8,30;179,99;179,99;0,00
1.pdf;2023;1;ENERO;MANTENIMIENTO DE EXTINCION DE PRESUPUESTO INCENDIOS;;1,85;179,99;179,99;0,00
1.pdf;2023;1;ENERO;OBRAS Y MEJORAS;PRESUPUESTO;1,26;179,99;179,99;0,00
1.pdf;2023;1;ENERO;TERMINO FIJO GAS NATURAL;GAS NATURAL,ACS Y CALEFACCION;5,42;179,99;179,99;0,00
1.pdf;2023;1;ENERO;TERMINO VARIABLE GAS NATURAL GAS NATURAL,ACS Y CALEFACCION;;6,64;179,99;179,99;0,00
10.pdf;2023;10;OCTUBRE;ACS-Agua Caliente;L.ANT:632,00 L.ACT:636,00=4,00;18,00;112,16;112,16;0,00
10.pdf;2023;10;OCTUBRE;ADMINISTRACION;ADMINISTRACION;3,32;112,16;112,16;0,00
10.pdf;2023;10;OCTUBRE;COMISIONES BANCARIAS;PRESUPUESTO;2,02;112,16;112,16;0,00
10.pdf;2023;10;OCTUBRE;CONSUMO DE AGUA;PRESUPUESTO;0,46;112,16;112,16;0,00
10.pdf;2023;10;OCTUBRE;CONSUMO ELECTRICO GARAJE;PRESUPUESTO;8,85;112,16;112,16;0,00
10.pdf;2023;10;OCTUBRE;CONSUMO ELECTRICO PORTALES;PRESUPUESTO;8,85;112,16;112,16;0,00
10.pdf;2023;10;OCTUBRE;FONDO DE PROVISION AL 10%;FONDO DE PROVISIÓN AL 10%;5,72;112,16;112,16;0,00
10.pdf;2023;10;OCTUBRE;LIMPIEZA DE LA COMUNIDAD+ CONSUMIBLES;PRESUPUESTO;13,96;112,16;112,16;0,00
10.pdf;2023;10;OCTUBRE;MANTENIMIENTO ASCENSORES;PRESUPUESTO;21,27;112,16;112,16;0,00
10.pdf;2023;10;OCTUBRE;MANTENIMIENTO CALDERA;GAS NATURAL,ACS Y CALEFACCION;8,37;112,16;112,16;0,00
10.pdf;2023;10;OCTUBRE;MANTENIMIENTO DE EXTINCION DE PRESUPUESTO INCENDIOS;;2,64;112,16;112,16;0,00
10.pdf;2023;10;OCTUBRE;MANTENIMIENTO PORTALON;PRESUPUESTO;0,77;112,16;112,16;0,00
10.pdf;2023;10;OCTUBRE;OBRAS Y MEJORAS;PRESUPUESTO;1,26;112,16;112,16;0,00
10.pdf;2023;10;OCTUBRE;SEGURO COMUNITARIO;SEGURO COMUNITARIO;4,61;112,16;112,16;0,00
10.pdf;2023;10;OCTUBRE;TERMINO FIJO;GAS NATURAL,ACS Y CALEFACCION;12,06;112,16;112,16;0,00
11.pdf;2023;11;NOVIEMBRE;ACS-Agua Caliente;L.ANT:636,00 L.ACT:640,00=4,00;18,00;112,16;112,16;0,00
11.pdf;2023;11;NOVIEMBRE;ADMINISTRACION;ADMINISTRACION;3,32;112,16;112,16;0,00
11.pdf;2023;11;NOVIEMBRE;COMISIONES BANCARIAS;PRESUPUESTO;2,02;112,16;112,16;0,00
11.pdf;2023;11;NOVIEMBRE;CONSUMO DE AGUA;PRESUPUESTO;0,46;112,16;112,16;0,00
11.pdf;2023;11;NOVIEMBRE;CONSUMO ELECTRICO GARAJE;PRESUPUESTO;8,85;112,16;112,16;0,00
11.pdf;2023;11;NOVIEMBRE;CONSUMO ELECTRICO PORTALES;PRESUPUESTO;8,85;112,16;112,16;0,00
11.pdf;2023;11;NOVIEMBRE;FONDO DE PROVISION AL 10%;FONDO DE PROVISIÓN AL 10%;5,72;112,16;112,16;0,00
11.pdf;2023;11;NOVIEMBRE;LIMPIEZA DE LA COMUNIDAD+ CONSUMIBLES;PRESUPUESTO;13,96;112,16;112,16;0,00
11.pdf;2023;11;NOVIEMBRE;MANTENIMIENTO ASCENSORES;PRESUPUESTO;21,27;112,16;112,16;0,00
11.pdf;2023;11;NOVIEMBRE;MANTENIMIENTO CALDERA;GAS NATURAL,ACS Y CALEFACCION;8,37;112,16;112,16;0,00
11.pdf;2023;11;NOVIEMBRE;MANTENIMIENTO DE EXTINCION DE PRESUPUESTO INCENDIOS;;2,64;112,16;112,16;0,00
11.pdf;2023;11;NOVIEMBRE;MANTENIMIENTO PORTALON;PRESUPUESTO;0,77;112,16;112,16;0,00
11.pdf;2023;11;NOVIEMBRE;OBRAS Y MEJORAS;PRESUPUESTO;1,26;112,16;112,16;0,00
11.pdf;2023;11;NOVIEMBRE;SEGURO COMUNITARIO;SEGURO COMUNITARIO;4,61;112,16;112,16;0,00
11.pdf;2023;11;NOVIEMBRE;TERMINO FIJO;GAS NATURAL,ACS Y CALEFACCION;12,06;112,16;112,16;0,00
12.pdf;2023;12;DICIEMBRE;ACS-Agua Caliente;L.ANT:640,00 L.ACT:644,00=4,00;18,00;119,60;119,60;0,00
12.pdf;2023;12;DICIEMBRE;ADMINISTRACION;ADMINISTRACION;3,32;119,60;119,60;0,00
12.pdf;2023;12;DICIEMBRE;CALEF.;L.ANT:23317,00;7,44;119,60;119,60;0,00
12.pdf;2023;12;DICIEMBRE;COMISIONES BANCARIAS;PRESUPUESTO;2,02;119,60;119,60;0,00
12.pdf;2023;12;DICIEMBRE;CONSUMO DE AGUA;PRESUPUESTO;0,46;119,60;119,60;0,00
12.pdf;2023;12;DICIEMBRE;CONSUMO ELECTRICO GARAJE;PRESUPUESTO;8,85;119,60;119,60;0,00
12.pdf;2023;12;DICIEMBRE;CONSUMO ELECTRICO PORTALES;PRESUPUESTO;8,85;119,60;119,60;0,00
12.pdf;2023;12;DICIEMBRE;FONDO DE PROVISION AL 10%;FONDO DE PROVISIÓN AL 10%;5,72;119,60;119,60;0,00
12.pdf;2023;12;DICIEMBRE;LIMPIEZA DE LA COMUNIDAD+ CONSUMIBLES;PRESUPUESTO;13,96;119,60;119,60;0,00
12.pdf;2023;12;DICIEMBRE;MANTENIMIENTO ASCENSORES;PRESUPUESTO;21,27;119,60;119,60;0,00
12.pdf;2023;12;DICIEMBRE;MANTENIMIENTO CALDERA;GAS NATURAL,ACS Y CALEFACCION;8,37;119,60;119,60;0,00
12.pdf;2023;12;DICIEMBRE;MANTENIMIENTO DE EXTINCION DE PRESUPUESTO INCENDIOS;;2,64;119,60;119,60;0,00
12.pdf;2023;12;DICIEMBRE;MANTENIMIENTO PORTALON;PRESUPUESTO;0,77;119,60;119,60;0,00
12.pdf;2023;12;DICIEMBRE;OBRAS Y MEJORAS;PRESUPUESTO;1,26;119,60;119,60;0,00
12.pdf;2023;12;DICIEMBRE;SEGURO COMUNITARIO;SEGURO COMUNITARIO;4,61;119,60;119,60;0,00
12.pdf;2023;12;DICIEMBRE;TERMINO FIJO;GAS NATURAL,ACS Y CALEFACCION;12,06;119,60;119,60;0,00
2-derrama.pdf;2023;2;FEBRERO;DERRAMA FONDO FONDO;SEGURO COMUNITARIO+ DERRAMA;94,53;149,83;149,83;0,00
2-derrama.pdf;2023;2;FEBRERO;SEGURO COMUNITARIO FONDO;SEGURO COMUNITARIO+ DERRAMA;55,30;149,83;149,83;0,00
2.pdf;2023;2;FEBRERO;ACS;L.ANT:602,00 L.ACT:606,00=4,00;28,00;180,00;180,00;0,00
2.pdf;2023;2;FEBRERO;ADMINISTRACION;ADMINISTRACION;3,32;180,00;180,00;0,00
2.pdf;2023;2;FEBRERO;CALEF.;L.ANT:22703,00;43,65;180,00;180,00;0,00
2.pdf;2023;2;FEBRERO;COMISIONES BANCARIAS;PRESUPUESTO;2,02;180,00;180,00;0,00
2.pdf;2023;2;FEBRERO;CONSUMO DE AGUA;PRESUPUESTO;0,46;180,00;180,00;0,00
2.pdf;2023;2;FEBRERO;CONSUMO ELECTRICO GARAJE;PRESUPUESTO;8,85;180,00;180,00;0,00
2.pdf;2023;2;FEBRERO;CONSUMO ELECTRICO PORTALES;PRESUPUESTO;8,85;180,00;180,00;0,00
2.pdf;2023;2;FEBRERO;DIFERENCIA FIJO EXTRA FEBRERO DIFERENCIA FIJO EXTRA FEBRERO;;14,19;180,00;180,00;0,00
2.pdf;2023;2;FEBRERO;FONDO DE PROVISION AL 10%;FONDO DE PROVISIÓN AL 10%;5,72;180,00;180,00;0,00
2.pdf;2023;2;FEBRERO;LIMPIEZA DE LA COMUNIDAD+ CONSUMIBLES;PRESUPUESTO;13,96;180,00;180,00;0,00
2.pdf;2023;2;FEBRERO;MANTENIMIENTO ASCENSORES;PRESUPUESTO;21,27;180,00;180,00;0,00
2.pdf;2023;2;FEBRERO;MANTENIMIENTO CALDERA;GAS NATURAL,ACS Y CALEFACCION;8,37;180,00;180,00;0,00
2.pdf;2023;2;FEBRERO;MANTENIMIENTO DE EXTINCION DE PRESUPUESTO INCENDIOS;;2,64;180,00;180,00;0,00
2.pdf;2023;2;FEBRERO;MANTENIMIENTO PORTALON;PRESUPUESTO;0,77;180,00;180,00;0,00
2.pdf;2023;2;FEBRERO;OBRAS Y MEJORAS;PRESUPUESTO;1,26;180,00;180,00;0,00
2.pdf;2023;2;FEBRERO;SEGURO COMUNITARIO;SEGURO COMUNITARIO;4,61;180,00;180,00;0,00
2.pdf;2023;2;FEBRERO;TERMINO FIJO;GAS NATURAL,ACS Y CALEFACCION;12,06;180,00;180,00;0,00
3.pdf;2023;3;MARZO;ACS;L.ANT:606,00 L.ACT:611,00=5,00;35,00;259,54;259,54;0,00
3.pdf;2023;3;MARZO;ADMINISTRACION;ADMINISTRACION;3,32;259,54;259,54;0,00
3.pdf;2023;3;MARZO;CALEF.;L.ANT:22994,00;27,75;259,54;259,54;0,00
3.pdf;2023;3;MARZO;COMISIONES BANCARIAS;PRESUPUESTO;2,02;259,54;259,54;0,00
3.pdf;2023;3;MARZO;CONSUMO DE AGUA;PRESUPUESTO;0,46;259,54;259,54;0,00
3.pdf;2023;3;MARZO;CONSUMO ELECTRICO GARAJE;PRESUPUESTO;8,85;259,54;259,54;0,00
3.pdf;2023;3;MARZO;CONSUMO ELECTRICO PORTALES;PRESUPUESTO;8,85;259,54;259,54;0,00
3.pdf;2023;3;MARZO;DERRAMA BOMBA DE CIRCULACIÓN CALDERA DERRAMA BOMBA CIRCULACIÓN CALDERA;;44,25;259,54;259,54;0,00
3.pdf;2023;3;MARZO;DERRAMA REPARACIONES Y DEMÁS DERRAMA REPARACIONES BAJANTES Y DEMÁS;;54,47;259,54;259,54;0,00
3.pdf;2023;3;MARZO;FIJO EXTRA MARZO 2023;FIJO EXTRA MARZO;3,91;259,54;259,54;0,00
3.pdf;2023;3;MARZO;FONDO DE PROVISION AL 10%;FONDO DE PROVISIÓN AL 10%;5,72;259,54;259,54;0,00
3.pdf;2023;3;MARZO;LIMPIEZA DE LA COMUNIDAD+ CONSUMIBLES;PRESUPUESTO;13,96;259,54;259,54;0,00
3.pdf;2023;3;MARZO;MANTENIMIENTO ASCENSORES;PRESUPUESTO;21,27;259,54;259,54;0,00
3.pdf;2023;3;MARZO;MANTENIMIENTO CALDERA;GAS NATURAL,ACS Y CALEFACCION;8,37;259,54;259,54;0,00
3.pdf;2023;3;MARZO;MANTENIMIENTO DE EXTINCION DE PRESUPUESTO INCENDIOS;;2,64;259,54;259,54;0,00
3.pdf;2023;3;MARZO;MANTENIMIENTO PORTALON;PRESUPUESTO;0,77;259,54;259,54;0,00
3.pdf;2023;3;MARZO;OBRAS Y MEJORAS;PRESUPUESTO;1,26;259,54;259,54;0,00
3.pdf;2023;3;MARZO;SEGURO COMUNITARIO;SEGURO COMUNITARIO;4,61;259,54;259,54;0,00
3.pdf;2023;3;MARZO;TERMINO FIJO;GAS NATURAL,ACS Y CALEFACCION;12,06;259,54;259,54;0,00
4.pdf;2023;4;ABRIL;ACS;L.ANT:611,00 L.ACT:616,00=5,00;25,00;139,43;139,43;0,00
4.pdf;2023;4;ABRIL;ADMINISTRACION;ADMINISTRACION;3,32;139,43;139,43;0,00
4.pdf;2023;4;ABRIL;CALEF.;L.ANT:23179,00;15,84;139,43;139,43;0,00
4.pdf;2023;4;ABRIL;COMISIONES BANCARIAS;PRESUPUESTO;2,02;139,43;139,43;0,00
4.pdf;2023;4;ABRIL;CONSUMO DE AGUA;PRESUPUESTO;0,46;139,43;139,43;0,00
4.pdf;2023;4;ABRIL;CONSUMO ELECTRICO GARAJE;PRESUPUESTO;8,85;139,43;139,43;0,00
4.pdf;2023;4;ABRIL;CONSUMO ELECTRICO PORTALES;PRESUPUESTO;8,85;139,43;139,43;0,00
4.pdf;2023;4;ABRIL;FIJO EXTRA ABRIL;FIJO EXTRA ABRIL;4,43;139,43;139,43;0,00
4.pdf;2023;4;ABRIL;FONDO DE PROVISION AL 10%;FONDO DE PROVISIÓN AL 10%;5,72;139,43;139,43;0,00
4.pdf;2023;4;ABRIL;LIMPIEZA DE LA COMUNIDAD+ CONSUMIBLES;PRESUPUESTO;13,96;139,43;139,43;0,00
4.pdf;2023;4;ABRIL;MANTENIMIENTO ASCENSORES;PRESUPUESTO;21,27;139,43;139,43;0,00
4.pdf;2023;4;ABRIL;MANTENIMIENTO CALDERA;GAS NATURAL,ACS Y CALEFACCION;8,37;139,43;139,43;0,00
4.pdf;2023;4;ABRIL;MANTENIMIENTO DE EXTINCION DE PRESUPUESTO INCENDIOS;;2,64;139,43;139,43;0,00
4.pdf;2023;4;ABRIL;MANTENIMIENTO PORTALON;PRESUPUESTO;0,77;139,43;139,43;0,00
4.pdf;2023;4;ABRIL;OBRAS Y MEJORAS;PRESUPUESTO;1,26;139,43;139,43;0,00
4.pdf;2023;4;ABRIL;SEGURO COMUNITARIO;SEGURO COMUNITARIO;4,61;139,43;139,43;0,00
4.pdf;2023;4;ABRIL;TERMINO FIJO;GAS NATURAL,ACS Y CALEFACCION;12,06;139,43;139,43;0,00
5.pdf;2023;5;MAYO;ACS;L.ANT:616,00 L.ACT:621,00=5,00;25,00;119,16;4,24;114,92
5.pdf;2023;5;MAYO;ADMINISTRACION;ADMINISTRACION;3,32;119,16;4,24;114,92
5.pdf;2023;5;MAYO;COMISIONES BANCARIAS;PRESUPUESTO;2,02;119,16;4,24;114,92
5.pdf;2023;5;MAYO;CONSUMO DE AGUA;PRESUPUESTO;0,46;119,16;4,24;114,92
5.pdf;2023;5;MAYO;CONSUMO ELECTRICO GARAJE;PRESUPUESTO;8,85;119,16;4,24;114,92
5.pdf;2023;5;MAYO;CONSUMO ELECTRICO PORTALES;PRESUPUESTO;8,85;119,16;4,24;114,92
5.pdf;2023;5;MAYO;FONDO DE PROVISION AL 10%;FONDO DE PROVISIÓN AL 10%;5,72;119,16;4,24;114,92
5.pdf;2023;5;MAYO;LIMPIEZA DE LA COMUNIDAD+ CONSUMIBLES;PRESUPUESTO;13,96;119,16;4,24;114,92
5.pdf;2023;5;MAYO;MANTENIMIENTO ASCENSORES;PRESUPUESTO;21,27;119,16;4,24;114,92
5.pdf;2023;5;MAYO;MANTENIMIENTO CALDERA;GAS NATURAL,ACS Y CALEFACCION;8,37;119,16;4,24;114,92
5.pdf;2023;5;MAYO;MANTENIMIENTO DE EXTINCION DE PRESUPUESTO INCENDIOS;;2,64;119,16;4,24;114,92
5.pdf;2023;5;MAYO;MANTENIMIENTO PORTALON;PRESUPUESTO;0,77;119,16;4,24;114,92
5.pdf;2023;5;MAYO;OBRAS Y MEJORAS;PRESUPUESTO;1,26;119,16;4,24;114,92
5.pdf;2023;5;MAYO;SEGURO COMUNITARIO;SEGURO COMUNITARIO;4,61;119,16;4,24;114,92
5.pdf;2023;5;MAYO;TERMINO FIJO;GAS NATURAL,ACS Y CALEFACCION;12,06;119,16;4,24;114,92
6.pdf;2023;6;JUNIO;ACS;L.ANT:621,00 L.ACT:624,00=3,00;15,00;109,16;109,16;0,00
6.pdf;2023;6;JUNIO;ADMINISTRACION;ADMINISTRACION;3,32;109,16;109,16;0,00
6.pdf;2023;6;JUNIO;COMISIONES BANCARIAS;PRESUPUESTO;2,02;109,16;109,16;0,00
6.pdf;2023;6;JUNIO;CONSUMO DE AGUA;PRESUPUESTO;0,46;109,16;109,16;0,00
6.pdf;2023;6;JUNIO;CONSUMO ELECTRICO GARAJE;PRESUPUESTO;8,85;109,16;109,16;0,00
6.pdf;2023;6;JUNIO;CONSUMO ELECTRICO PORTALES;PRESUPUESTO;8,85;109,16;109,16;0,00
6.pdf;2023;6;JUNIO;FONDO DE PROVISION AL 10%;FONDO DE PROVISIÓN AL 10%;5,72;109,16;109,16;0,00
6.pdf;2023;6;JUNIO;LIMPIEZA DE LA COMUNIDAD+ CONSUMIBLES;PRESUPUESTO;13,96;109,16;109,16;0,00
6.pdf;2023;6;JUNIO;MANTENIMIENTO ASCENSORES;PRESUPUESTO;21,27;109,16;109,16;0,00
6.pdf;2023;6;JUNIO;MANTENIMIENTO CALDERA;GAS NATURAL,ACS Y CALEFACCION;8,37;109,16;109,16;0,00
6.pdf;2023;6;JUNIO;MANTENIMIENTO DE EXTINCION DE PRESUPUESTO INCENDIOS;;2,64;109,16;109,16;0,00
6.pdf;2023;6;JUNIO;MANTENIMIENTO PORTALON;PRESUPUESTO;0,77;109,16;109,16;0,00
6.pdf;2023;6;JUNIO;OBRAS Y MEJORAS;PRESUPUESTO;1,26;109,16;109,16;0,00
6.pdf;2023;6;JUNIO;SEGURO COMUNITARIO;SEGURO COMUNITARIO;4,61;109,16;109,16;0,00
6.pdf;2023;6;JUNIO;TERMINO FIJO;GAS NATURAL,ACS Y CALEFACCION;12,06;109,16;109,16;0,00
7.pdf;2023;7;JULIO;ACS-Agua Caliente;L.ANT:624,00 L.ACT:627,00=3,00;13,50;107,66;107,66;0,00
7.pdf;2023;7;JULIO;ADMINISTRACION;ADMINISTRACION;3,32;107,66;107,66;0,00
7.pdf;2023;7;JULIO;COMISIONES BANCARIAS;PRESUPUESTO;2,02;107,66;107,66;0,00
7.pdf;2023;7;JULIO;CONSUMO DE AGUA;PRESUPUESTO;0,46;107,66;107,66;0,00
7.pdf;2023;7;JULIO;CONSUMO ELECTRICO GARAJE;PRESUPUESTO;8,85;107,66;107,66;0,00
7.pdf;2023;7;JULIO;CONSUMO ELECTRICO PORTALES;PRESUPUESTO;8,85;107,66;107,66;0,00
7.pdf;2023;7;JULIO;FONDO DE PROVISION AL 10%;FONDO DE PROVISIÓN AL 10%;5,72;107,66;107,66;0,00
7.pdf;2023;7;JULIO;LIMPIEZA DE LA COMUNIDAD+ CONSUMIBLES;PRESUPUESTO;13,96;107,66;107,66;0,00
7.pdf;2023;7;JULIO;MANTENIMIENTO ASCENSORES;PRESUPUESTO;21,27;107,66;107,66;0,00
7.pdf;2023;7;JULIO;MANTENIMIENTO CALDERA;GAS NATURAL,ACS Y CALEFACCION;8,37;107,66;107,66;0,00
7.pdf;2023;7;JULIO;MANTENIMIENTO DE EXTINCION DE PRESUPUESTO INCENDIOS;;2,64;107,66;107,66;0,00
7.pdf;2023;7;JULIO;MANTENIMIENTO PORTALON;PRESUPUESTO;0,77;107,66;107,66;0,00
7.pdf;2023;7;JULIO;OBRAS Y MEJORAS;PRESUPUESTO;1,26;107,66;107,66;0,00
7.pdf;2023;7;JULIO;SEGURO COMUNITARIO;SEGURO COMUNITARIO;4,61;107,66;107,66;0,00
7.pdf;2023;7;JULIO;TERMINO FIJO;GAS NATURAL,ACS Y CALEFACCION;12,06;107,66;107,66;0,00
8.pdf;2023;8;AGOSTO;ACS-Agua Caliente;L.ANT:627,00 L.ACT:630,00=3,00;13,50;107,66;107,66;0,00
8.pdf;2023;8;AGOSTO;ADMINISTRACION;ADMINISTRACION;3,32;107,66;107,66;0,00
8.pdf;2023;8;AGOSTO;COMISIONES BANCARIAS;PRESUPUESTO;2,02;107,66;107,66;0,00
8.pdf;2023;8;AGOSTO;CONSUMO DE AGUA;PRESUPUESTO;0,46;107,66;107,66;0,00
8.pdf;2023;8;AGOSTO;CONSUMO ELECTRICO GARAJE;PRESUPUESTO;8,85;107,66;107,66;0,00
8.pdf;2023;8;AGOSTO;CONSUMO ELECTRICO PORTALES;PRESUPUESTO;8,85;107,66;107,66;0,00
8.pdf;2023;8;AGOSTO;FONDO DE PROVISION AL 10%;FONDO DE PROVISIÓN AL 10%;5,72;107,66;107,66;0,00
8.pdf;2023;8;AGOSTO;LIMPIEZA DE LA COMUNIDAD+ CONSUMIBLES;PRESUPUESTO;13,96;107,66;107,66;0,00
8.pdf;2023;8;AGOSTO;MANTENIMIENTO ASCENSORES;PRESUPUESTO;21,27;107,66;107,66;0,00
8.pdf;2023;8;AGOSTO;MANTENIMIENTO CALDERA;GAS NATURAL,ACS Y CALEFACCION;8,37;107,66;107,66;0,00
8.pdf;2023;8;AGOSTO;MANTENIMIENTO DE EXTINCION DE PRESUPUESTO INCENDIOS;;2,64;107,66;107,66;0,00
8.pdf;2023;8;AGOSTO;MANTENIMIENTO PORTALON;PRESUPUESTO;0,77;107,66;107,66;0,00
8.pdf;2023;8;AGOSTO;OBRAS Y MEJORAS;PRESUPUESTO;1,26;107,66;107,66;0,00
8.pdf;2023;8;AGOSTO;SEGURO COMUNITARIO;SEGURO COMUNITARIO;4,61;107,66;107,66;0,00
8.pdf;2023;8;AGOSTO;TERMINO FIJO;GAS NATURAL,ACS Y CALEFACCION;12,06;107,66;107,66;0,00
9.pdf;2023;9;SEPTIEMBRE;ACS-Agua Caliente;L.ANT:630,00 L.ACT:632,00=2,00;9,00;103,16;103,16;0,00
9.pdf;2023;9;SEPTIEMBRE;ADMINISTRACION;ADMINISTRACION;3,32;103,16;103,16;0,00
9.pdf;2023;9;SEPTIEMBRE;COMISIONES BANCARIAS;PRESUPUESTO;2,02;103,16;103,16;0,00
9.pdf;2023;9;SEPTIEMBRE;CONSUMO DE AGUA;PRESUPUESTO;0,46;103,16;103,16;0,00
9.pdf;2023;9;SEPTIEMBRE;CONSUMO ELECTRICO GARAJE;PRESUPUESTO;8,85;103,16;103,16;0,00
9.pdf;2023;9;SEPTIEMBRE;CONSUMO ELECTRICO PORTALES;PRESUPUESTO;8,85;103,16;103,16;0,00
9.pdf;2023;9;SEPTIEMBRE;FONDO DE PROVISION AL 10%;FONDO DE PROVISIÓN AL 10%;5,72;103,16;103,16;0,00
9.pdf;2023;9;SEPTIEMBRE;LIMPIEZA DE LA COMUNIDAD+ CONSUMIBLES;PRESUPUESTO;13,96;103,16;103,16;0,00
9.pdf;2023;9;SEPTIEMBRE;MANTENIMIENTO ASCENSORES;PRESUPUESTO;21,27;103,16;103,16;0,00
9.pdf;2023;9;SEPTIEMBRE;MANTENIMIENTO CALDERA;GAS NATURAL,ACS Y CALEFACCION;8,37;103,16;103,16;0,00
9.pdf;2023;9;SEPTIEMBRE;MANTENIMIENTO DE EXTINCION DE PRESUPUESTO INCENDIOS;;2,64;103,16;103,16;0,00
9.pdf;2023;9;SEPTIEMBRE;MANTENIMIENTO PORTALON;PRESUPUESTO;0,77;103,16;103,16;0,00
9.pdf;2023;9;SEPTIEMBRE;OBRAS Y MEJORAS;PRESUPUESTO;1,26;103,16;103,16;0,00
9.pdf;2023;9;SEPTIEMBRE;SEGURO COMUNITARIO;SEGURO COMUNITARIO;4,61;103,16;103,16;0,00
9.pdf;2023;9;SEPTIEMBRE;TERMINO FIJO;GAS NATURAL,ACS Y CALEFACCION;12,06;103,16;103,16;0,00
1.pdf;2024;1;ENERO;ACS-Agua Caliente;L.ANT:644,00 L.ACT:648,00=4,00;18,00;152,12;152,12;0,00
1.pdf;2024;1;ENERO;ADMINISTRACION;ADMINISTRACION;3,32;152,12;152,12;0,00
1.pdf;2024;1;ENERO;CALEF.;L.ANT:23379,00;39,96;152,12;152,12;0,00
1.pdf;2024;1;ENERO;COMISIONES BANCARIAS;PRESUPUESTO;2,02;152,12;152,12;0,00
1.pdf;2024;1;ENERO;CONSUMO DE AGUA;PRESUPUESTO;0,46;152,12;152,12;0,00
1.pdf;2024;1;ENERO;CONSUMO ELECTRICO GARAJE;PRESUPUESTO;8,85;152,12;152,12;0,00
1.pdf;2024;1;ENERO;CONSUMO ELECTRICO PORTALES;PRESUPUESTO;8,85;152,12;152,12;0,00
1.pdf;2024;1;ENERO;FONDO DE PROVISION AL 10%;FONDO DE PROVISIÓN AL 10%;5,72;152,12;152,12;0,00
1.pdf;2024;1;ENERO;LIMPIEZA DE LA COMUNIDAD+ CONSUMIBLES;PRESUPUESTO;13,96;152,12;152,12;0,00
1.pdf;2024;1;ENERO;MANTENIMIENTO ASCENSORES;PRESUPUESTO;21,27;152,12;152,12;0,00
1.pdf;2024;1;ENERO;MANTENIMIENTO CALDERA;GAS NATURAL,ACS Y CALEFACCION;8,37;152,12;152,12;0,00
1.pdf;2024;1;ENERO;MANTENIMIENTO DE EXTINCION DE PRESUPUESTO INCENDIOS;;2,64;152,12;152,12;0,00
1.pdf;2024;1;ENERO;MANTENIMIENTO PORTALON;PRESUPUESTO;0,77;152,12;152,12;0,00
1.pdf;2024;1;ENERO;OBRAS Y MEJORAS;PRESUPUESTO;1,26;152,12;152,12;0,00
1.pdf;2024;1;ENERO;SEGURO COMUNITARIO;SEGURO COMUNITARIO;4,61;152,12;152,12;0,00
1.pdf;2024;1;ENERO;TERMINO FIJO;GAS NATURAL,ACS Y CALEFACCION;12,06;152,12;152,12;0,00
10.pdf;2024;10;OCTUBRE;ACS-Agua Caliente;L.ANT:679,00 L.ACT:682,00=3,00;13,50;107,66;107,66;0,00
10.pdf;2024;10;OCTUBRE;ADMINISTRACION;ADMINISTRACION;3,32;107,66;107,66;0,00
10.pdf;2024;10;OCTUBRE;COMISIONES BANCARIAS;PRESUPUESTO;2,02;107,66;107,66;0,00
10.pdf;2024;10;OCTUBRE;CONSUMO DE AGUA;PRESUPUESTO;0,46;107,66;107,66;0,00
10.pdf;2024;10;OCTUBRE;CONSUMO ELECTRICO GARAJE;PRESUPUESTO;8,85;107,66;107,66;0,00
10.pdf;2024;10;OCTUBRE;CONSUMO ELECTRICO PORTALES;PRESUPUESTO;8,85;107,66;107,66;0,00
10.pdf;2024;10;OCTUBRE;FONDO DE PROVISION AL 10%;FONDO DE PROVISIÓN AL 10%;5,72;107,66;107,66;0,00
10.pdf;2024;10;OCTUBRE;LIMPIEZA DE LA COMUNIDAD+ CONSUMIBLES;PRESUPUESTO;13,96;107,66;107,66;0,00
10.pdf;2024;10;OCTUBRE;MANTENIMIENTO ASCENSORES;PRESUPUESTO;21,27;107,66;107,66;0,00
10.pdf;2024;10;OCTUBRE;MANTENIMIENTO CALDERA;GAS NATURAL,ACS Y CALEFACCION;8,37;107,66;107,66;0,00
10.pdf;2024;10;OCTUBRE;MANTENIMIENTO DE EXTINCION DE PRESUPUESTO INCENDIOS;;2,64;107,66;107,66;0,00
10.pdf;2024;10;OCTUBRE;MANTENIMIENTO PORTALON;PRESUPUESTO;0,77;107,66;107,66;0,00
10.pdf;2024;10;OCTUBRE;OBRAS Y MEJORAS;PRESUPUESTO;1,26;107,66;107,66;0,00
10.pdf;2024;10;OCTUBRE;SEGURO COMUNITARIO;SEGURO COMUNITARIO;4,61;107,66;107,66;0,00
10.pdf;2024;10;OCTUBRE;TERMINO FIJO;GAS NATURAL,ACS Y CALEFACCION;12,06;107,66;107,66;0,00
11.pdf;2024;11;NOVIEMBRE;ACS-Agua Caliente;L.ANT:682,00 L.ACT:688,00=6,00;27,00;121,16;0,00;121,16
11.pdf;2024;11;NOVIEMBRE;ADMINISTRACION;ADMINISTRACION;3,32;121,16;0,00;121,16
11.pdf;2024;11;NOVIEMBRE;COMISIONES BANCARIAS;PRESUPUESTO;2,02;121,16;0,00;121,16
11.pdf;2024;11;NOVIEMBRE;CONSUMO DE AGUA;PRESUPUESTO;0,46;121,16;0,00;121,16
11.pdf;2024;11;NOVIEMBRE;CONSUMO ELECTRICO GARAJE;PRESUPUESTO;8,85;121,16;0,00;121,16
11.pdf;2024;11;NOVIEMBRE;CONSUMO ELECTRICO PORTALES;PRESUPUESTO;8,85;121,16;0,00;121,16
11.pdf;2024;11;NOVIEMBRE;FONDO DE PROVISION AL 10%;FONDO DE PROVISIÓN AL 10%;5,72;121,16;0,00;121,16
11.pdf;2024;11;NOVIEMBRE;LIMPIEZA DE LA COMUNIDAD+ CONSUMIBLES;PRESUPUESTO;13,96;121,16;0,00;121,16
11.pdf;2024;11;NOVIEMBRE;MANTENIMIENTO ASCENSORES;PRESUPUESTO;21,27;121,16;0,00;121,16
11.pdf;2024;11;NOVIEMBRE;MANTENIMIENTO CALDERA;GAS NATURAL,ACS Y CALEFACCION;8,37;121,16;0,00;121,16
11.pdf;2024;11;NOVIEMBRE;MANTENIMIENTO DE EXTINCION DE PRESUPUESTO INCENDIOS;;2,64;121,16;0,00;121,16
11.pdf;2024;11;NOVIEMBRE;MANTENIMIENTO PORTALON;PRESUPUESTO;0,77;121,16;0,00;121,16
11.pdf;2024;11;NOVIEMBRE;OBRAS Y MEJORAS;PRESUPUESTO;1,26;121,16;0,00;121,16
11.pdf;2024;11;NOVIEMBRE;SEGURO COMUNITARIO;SEGURO COMUNITARIO;4,61;121,16;0,00;121,16
11.pdf;2024;11;NOVIEMBRE;TERMINO FIJO;GAS NATURAL,ACS Y CALEFACCION;12,06;121,16;0,00;121,16
12.pdf;2024;12;DICIEMBRE;ACS-Agua Caliente;L.ANT:688,00 L.ACT:693,00=5,00;22,50;117,26;117,26;0,00
12.pdf;2024;12;DICIEMBRE;ADMINISTRACION;ADMINISTRACION;3,32;117,26;117,26;0,00
12.pdf;2024;12;DICIEMBRE;CALEF.;L.ANT:24533,00;0,60;117,26;117,26;0,00
12.pdf;2024;12;DICIEMBRE;COMISIONES BANCARIAS;PRESUPUESTO;2,02;117,26;117,26;0,00
12.pdf;2024;12;DICIEMBRE;CONSUMO DE AGUA;PRESUPUESTO;0,46;117,26;117,26;0,00
12.pdf;2024;12;DICIEMBRE;CONSUMO ELECTRICO GARAJE;PRESUPUESTO;8,85;117,26;117,26;0,00
12.pdf;2024;12;DICIEMBRE;CONSUMO ELECTRICO PORTALES;PRESUPUESTO;8,85;117,26;117,26;0,00
12.pdf;2024;12;DICIEMBRE;FONDO DE PROVISION AL 10%;FONDO DE PROVISIÓN AL 10%;5,72;117,26;117,26;0,00
12.pdf;2024;12;DICIEMBRE;LIMPIEZA DE LA COMUNIDAD+ CONSUMIBLES;PRESUPUESTO;13,96;117,26;117,26;0,00
12.pdf;2024;12;DICIEMBRE;MANTENIMIENTO ASCENSORES;PRESUPUESTO;21,27;117,26;117,26;0,00
12.pdf;2024;12;DICIEMBRE;MANTENIMIENTO CALDERA;GAS NATURAL,ACS Y CALEFACCION;8,37;117,26;117,26;0,00
12.pdf;2024;12;DICIEMBRE;MANTENIMIENTO DE EXTINCION DE PRESUPUESTO INCENDIOS;;2,64;117,26;117,26;0,00
12.pdf;2024;12;DICIEMBRE;MANTENIMIENTO PORTALON;PRESUPUESTO;0,77;117,26;117,26;0,00
12.pdf;2024;12;DICIEMBRE;OBRAS Y MEJORAS;PRESUPUESTO;1,26;117,26;117,26;0,00
12.pdf;2024;12;DICIEMBRE;SEGURO COMUNITARIO;SEGURO COMUNITARIO;4,61;117,26;117,26;0,00
12.pdf;2024;12;DICIEMBRE;TERMINO FIJO;GAS NATURAL,ACS Y CALEFACCION;12,06;117,26;117,26;0,00
2.pdf;2024;2;FEBRERO;ACS-Agua Caliente;L.ANT:648,00 L.ACT:653,00=5,00;22,50;157,34;157,34;0,00
2.pdf;2024;2;FEBRERO;ADMINISTRACION;ADMINISTRACION;3,32;157,34;157,34;0,00
2.pdf;2024;2;FEBRERO;CALEF.;L.ANT:23712,00;40,68;157,34;157,34;0,00
2.pdf;2024;2;FEBRERO;COMISIONES BANCARIAS;PRESUPUESTO;2,02;157,34;157,34;0,00
2.pdf;2024;2;FEBRERO;CONSUMO DE AGUA;PRESUPUESTO;0,46;157,34;157,34;0,00
2.pdf;2024;2;FEBRERO;CONSUMO ELECTRICO GARAJE;PRESUPUESTO;8,85;157,34;157,34;0,00
2.pdf;2024;2;FEBRERO;CONSUMO ELECTRICO PORTALES;PRESUPUESTO;8,85;157,34;157,34;0,00
2.pdf;2024;2;FEBRERO;FONDO DE PROVISION AL 10%;FONDO DE PROVISIÓN AL 10%;5,72;157,34;157,34;0,00
2.pdf;2024;2;FEBRERO;LIMPIEZA DE LA COMUNIDAD+ CONSUMIBLES;PRESUPUESTO;13,96;157,34;157,34;0,00
2.pdf;2024;2;FEBRERO;MANTENIMIENTO ASCENSORES;PRESUPUESTO;21,27;157,34;157,34;0,00
2.pdf;2024;2;FEBRERO;MANTENIMIENTO CALDERA;GAS NATURAL,ACS Y CALEFACCION;8,37;157,34;157,34;0,00
2.pdf;2024;2;FEBRERO;MANTENIMIENTO DE EXTINCION DE PRESUPUESTO INCENDIOS;;2,64;157,34;157,34;0,00
2.pdf;2024;2;FEBRERO;MANTENIMIENTO PORTALON;PRESUPUESTO;0,77;157,34;157,34;0,00
2.pdf;2024;2;FEBRERO;OBRAS Y MEJORAS;PRESUPUESTO;1,26;157,34;157,34;0,00
2.pdf;2024;2;FEBRERO;SEGURO COMUNITARIO;SEGURO COMUNITARIO;4,61;157,34;157,34;0,00
2.pdf;2024;2;FEBRERO;TERMINO FIJO;GAS NATURAL,ACS Y CALEFACCION;12,06;157,34;157,34;0,00
3.pdf;2024;3;MARZO;ACS-Agua Caliente;L.ANT:653,00 L.ACT:657,00=4,00;18,00;124,40;124,40;0,00
3.pdf;2024;3;MARZO;ADMINISTRACION;ADMINISTRACION;3,32;124,40;124,40;0,00
3.pdf;2024;3;MARZO;CALEF.;L.ANT:24051,00;12,24;124,40;124,40;0,00
3.pdf;2024;3;MARZO;COMISIONES BANCARIAS;PRESUPUESTO;2,02;124,40;124,40;0,00
3.pdf;2024;3;MARZO;CONSUMO DE AGUA;PRESUPUESTO;0,46;124,40;124,40;0,00
3.pdf;2024;3;MARZO;CONSUMO ELECTRICO GARAJE;PRESUPUESTO;8,85;124,40;124,40;0,00
3.pdf;2024;3;MARZO;CONSUMO ELECTRICO PORTALES;PRESUPUESTO;8,85;124,40;124,40;0,00
3.pdf;2024;3;MARZO;FONDO DE PROVISION AL 10%;FONDO DE PROVISIÓN AL 10%;5,72;124,40;124,40;0,00
3.pdf;2024;3;MARZO;LIMPIEZA DE LA COMUNIDAD+ CONSUMIBLES;PRESUPUESTO;13,96;124,40;124,40;0,00
3.pdf;2024;3;MARZO;MANTENIMIENTO ASCENSORES;PRESUPUESTO;21,27;124,40;124,40;0,00
3.pdf;2024;3;MARZO;MANTENIMIENTO CALDERA;GAS NATURAL,ACS Y CALEFACCION;8,37;124,40;124,40;0,00
3.pdf;2024;3;MARZO;MANTENIMIENTO DE EXTINCION DE PRESUPUESTO INCENDIOS;;2,64;124,40;124,40;0,00
3.pdf;2024;3;MARZO;MANTENIMIENTO PORTALON;PRESUPUESTO;0,77;124,40;124,40;0,00
3.pdf;2024;3;MARZO;OBRAS Y MEJORAS;PRESUPUESTO;1,26;124,40;124,40;0,00
3.pdf;2024;3;MARZO;SEGURO COMUNITARIO;SEGURO COMUNITARIO;4,61;124,40;124,40;0,00
3.pdf;2024;3;MARZO;TERMINO FIJO;GAS NATURAL,ACS Y CALEFACCION;12,06;124,40;124,40;0,00
4.pdf;2024;4;ABRIL;ACS-Agua Caliente;L.ANT:657,00 L.ACT:661,00=4,00;18,00;138,80;138,80;0,00
4.pdf;2024;4;ABRIL;ADMINISTRACION;ADMINISTRACION;3,32;138,80;138,80;0,00
4.pdf;2024;4;ABRIL;CALEF.;L.ANT:24153,00;26,64;138,80;138,80;0,00
4.pdf;2024;4;ABRIL;COMISIONES BANCARIAS;PRESUPUESTO;2,02;138,80;138,80;0,00
4.pdf;2024;4;ABRIL;CONSUMO DE AGUA;PRESUPUESTO;0,46;138,80;138,80;0,00
4.pdf;2024;4;ABRIL;CONSUMO ELECTRICO GARAJE;PRESUPUESTO;8,85;138,80;138,80;0,00
4.pdf;2024;4;ABRIL;CONSUMO ELECTRICO PORTALES;PRESUPUESTO;8,85;138,80;138,80;0,00
4.pdf;2024;4;ABRIL;FONDO DE PROVISION AL 10%;FONDO DE PROVISIÓN AL 10%;5,72;138,80;138,80;0,00
4.pdf;2024;4;ABRIL;LIMPIEZA DE LA COMUNIDAD+ CONSUMIBLES;PRESUPUESTO;13,96;138,80;138,80;0,00
4.pdf;2024;4;ABRIL;MANTENIMIENTO ASCENSORES;PRESUPUESTO;21,27;138,80;138,80;0,00
4.pdf;2024;4;ABRIL;MANTENIMIENTO CALDERA;GAS NATURAL,ACS Y CALEFACCION;8,37;138,80;138,80;0,00
4.pdf;2024;4;ABRIL;MANTENIMIENTO DE EXTINCION DE PRESUPUESTO INCENDIOS;;2,64;138,80;138,80;0,00
4.pdf;2024;4;ABRIL;MANTENIMIENTO PORTALON;PRESUPUESTO;0,77;138,80;138,80;0,00
4.pdf;2024;4;ABRIL;OBRAS Y MEJORAS;PRESUPUESTO;1,26;138,80;138,80;0,00
4.pdf;2024;4;ABRIL;SEGURO COMUNITARIO;SEGURO COMUNITARIO;4,61;138,80;138,80;0,00
4.pdf;2024;4;ABRIL;TERMINO FIJO;GAS NATURAL,ACS Y CALEFACCION;12,06;138,80;138,80;0,00
5.pdf;2024;5;MAYO;ACS-Agua Caliente;L.ANT:661,00 L.ACT:666,00=5,00;22,50;134,06;134,06;0,00
5.pdf;2024;5;MAYO;ADMINISTRACION;ADMINISTRACION;3,32;134,06;134,06;0,00
5.pdf;2024;5;MAYO;CALEF.;L.ANT:24375,00;17,40;134,06;134,06;0,00
5.pdf;2024;5;MAYO;COMISIONES BANCARIAS;PRESUPUESTO;2,02;134,06;134,06;0,00
5.pdf;2024;5;MAYO;CONSUMO DE AGUA;PRESUPUESTO;0,46;134,06;134,06;0,00
5.pdf;2024;5;MAYO;CONSUMO ELECTRICO GARAJE;PRESUPUESTO;8,85;134,06;134,06;0,00
5.pdf;2024;5;MAYO;CONSUMO ELECTRICO PORTALES;PRESUPUESTO;8,85;134,06;134,06;0,00
5.pdf;2024;5;MAYO;FONDO DE PROVISION AL 10%;FONDO DE PROVISIÓN AL 10%;5,72;134,06;134,06;0,00
5.pdf;2024;5;MAYO;LIMPIEZA DE LA COMUNIDAD+ CONSUMIBLES;PRESUPUESTO;13,96;134,06;134,06;0,00
5.pdf;2024;5;MAYO;MANTENIMIENTO ASCENSORES;PRESUPUESTO;21,27;134,06;134,06;0,00
5.pdf;2024;5;MAYO;MANTENIMIENTO CALDERA;GAS NATURAL,ACS Y CALEFACCION;8,37;134,06;134,06;0,00
5.pdf;2024;5;MAYO;MANTENIMIENTO DE EXTINCION DE PRESUPUESTO INCENDIOS;;2,64;134,06;134,06;0,00
5.pdf;2024;5;MAYO;MANTENIMIENTO PORTALON;PRESUPUESTO;0,77;134,06;134,06;0,00
5.pdf;2024;5;MAYO;OBRAS Y MEJORAS;PRESUPUESTO;1,26;134,06;134,06;0,00
5.pdf;2024;5;MAYO;SEGURO COMUNITARIO;SEGURO COMUNITARIO;4,61;134,06;134,06;0,00
5.pdf;2024;5;MAYO;TERMINO FIJO;GAS NATURAL,ACS Y CALEFACCION;12,06;134,06;134,06;0,00
6.pdf;2024;6;JUNIO;ACS-Agua Caliente;L.ANT:666,00 L.ACT:670,00=4,00;18,00;113,72;0,00;113,72
6.pdf;2024;6;JUNIO;ADMINISTRACION;ADMINISTRACION;3,32;113,72;0,00;113,72
6.pdf;2024;6;JUNIO;CALEF.;L.ANT:24520,00;1,56;113,72;0,00;113,72
6.pdf;2024;6;JUNIO;COMISIONES BANCARIAS;PRESUPUESTO;2,02;113,72;0,00;113,72
6.pdf;2024;6;JUNIO;CONSUMO DE AGUA;PRESUPUESTO;0,46;113,72;0,00;113,72
6.pdf;2024;6;JUNIO;CONSUMO ELECTRICO GARAJE;PRESUPUESTO;8,85;113,72;0,00;113,72
6.pdf;2024;6;JUNIO;CONSUMO ELECTRICO PORTALES;PRESUPUESTO;8,85;113,72;0,00;113,72
6.pdf;2024;6;JUNIO;FONDO DE PROVISION AL 10%;FONDO DE PROVISIÓN AL 10%;5,72;113,72;0,00;113,72
6.pdf;2024;6;JUNIO;LIMPIEZA DE LA COMUNIDAD+ CONSUMIBLES;PRESUPUESTO;13,96;113,72;0,00;113,72
6.pdf;2024;6;JUNIO;MANTENIMIENTO ASCENSORES;PRESUPUESTO;21,27;113,72;0,00;113,72
6.pdf;2024;6;JUNIO;MANTENIMIENTO CALDERA;GAS NATURAL,ACS Y CALEFACCION;8,37;113,72;0,00;113,72
6.pdf;2024;6;JUNIO;MANTENIMIENTO DE EXTINCION DE PRESUPUESTO INCENDIOS;;2,64;113,72;0,00;113,72
6.pdf;2024;6;JUNIO;MANTENIMIENTO PORTALON;PRESUPUESTO;0,77;113,72;0,00;113,72
6.pdf;2024;6;JUNIO;OBRAS Y MEJORAS;PRESUPUESTO;1,26;113,72;0,00;113,72
6.pdf;2024;6;JUNIO;SEGURO COMUNITARIO;SEGURO COMUNITARIO;4,61;113,72;0,00;113,72
6.pdf;2024;6;JUNIO;TERMINO FIJO;GAS NATURAL,ACS Y CALEFACCION;12,06;113,72;0,00;113,72
7.pdf;2024;7;JULIO;ACS-Agua Caliente;L.ANT:670,00 L.ACT:674,00=4,00;18,00;112,16;0,00;112,16
7.pdf;2024;7;JULIO;ADMINISTRACION;ADMINISTRACION;3,32;112,16;0,00;112,16
7.pdf;2024;7;JULIO;COMISIONES BANCARIAS;PRESUPUESTO;2,02;112,16;0,00;112,16
7.pdf;2024;7;JULIO;CONSUMO DE AGUA;PRESUPUESTO;0,46;112,16;0,00;112,16
7.pdf;2024;7;JULIO;CONSUMO ELECTRICO GARAJE;PRESUPUESTO;8,85;112,16;0,00;112,16
7.pdf;2024;7;JULIO;CONSUMO ELECTRICO PORTALES;PRESUPUESTO;8,85;112,16;0,00;112,16
7.pdf;2024;7;JULIO;FONDO DE PROVISION AL 10%;FONDO DE PROVISIÓN AL 10%;5,72;112,16;0,00;112,16
7.pdf;2024;7;JULIO;LIMPIEZA DE LA COMUNIDAD+ CONSUMIBLES;PRESUPUESTO;13,96;112,16;0,00;112,16
7.pdf;2024;7;JULIO;MANTENIMIENTO ASCENSORES;PRESUPUESTO;21,27;112,16;0,00;112,16
7.pdf;2024;7;JULIO;MANTENIMIENTO CALDERA;GAS NATURAL,ACS Y CALEFACCION;8,37;112,16;0,00;112,16
7.pdf;2024;7;JULIO;MANTENIMIENTO DE EXTINCION DE PRESUPUESTO INCENDIOS;;2,64;112,16;0,00;112,16
7.pdf;2024;7;JULIO;MANTENIMIENTO PORTALON;PRESUPUESTO;0,77;112,16;0,00;112,16
7.pdf;2024;7;JULIO;OBRAS Y MEJORAS;PRESUPUESTO;1,26;112,16;0,00;112,16
7.pdf;2024;7;JULIO;SEGURO COMUNITARIO;SEGURO COMUNITARIO;4,61;112,16;0,00;112,16
7.pdf;2024;7;JULIO;TERMINO FIJO;GAS NATURAL,ACS Y CALEFACCION;12,06;112,16;0,00;112,16
8.pdf;2024;8;AGOSTO;ACS-Agua Caliente;L.ANT:674,00 L.ACT:677,00=3,00;13,50;107,66;107,66;0,00
8.pdf;2024;8;AGOSTO;ADMINISTRACION;ADMINISTRACION;3,32;107,66;107,66;0,00
8.pdf;2024;8;AGOSTO;COMISIONES BANCARIAS;PRESUPUESTO;2,02;107,66;107,66;0,00
8.pdf;2024;8;AGOSTO;CONSUMO DE AGUA;PRESUPUESTO;0,46;107,66;107,66;0,00
8.pdf;2024;8;AGOSTO;CONSUMO ELECTRICO GARAJE;PRESUPUESTO;8,85;107,66;107,66;0,00
8.pdf;2024;8;AGOSTO;CONSUMO ELECTRICO PORTALES;PRESUPUESTO;8,85;107,66;107,66;0,00
8.pdf;2024;8;AGOSTO;FONDO DE PROVISION AL 10%;FONDO DE PROVISIÓN AL 10%;5,72;107,66;107,66;0,00
8.pdf;2024;8;AGOSTO;LIMPIEZA DE LA COMUNIDAD+ CONSUMIBLES;PRESUPUESTO;13,96;107,66;107,66;0,00
8.pdf;2024;8;AGOSTO;MANTENIMIENTO ASCENSORES;PRESUPUESTO;21,27;107,66;107,66;0,00
8.pdf;2024;8;AGOSTO;MANTENIMIENTO CALDERA;GAS NATURAL,ACS Y CALEFACCION;8,37;107,66;107,66;0,00
8.pdf;2024;8;AGOSTO;MANTENIMIENTO DE EXTINCION DE PRESUPUESTO INCENDIOS;;2,64;107,66;107,66;0,00
8.pdf;2024;8;AGOSTO;MANTENIMIENTO PORTALON;PRESUPUESTO;0,77;107,66;107,66;0,00
8.pdf;2024;8;AGOSTO;OBRAS Y MEJORAS;PRESUPUESTO;1,26;107,66;107,66;0,00
8.pdf;2024;8;AGOSTO;SEGURO COMUNITARIO;SEGURO COMUNITARIO;4,61;107,66;107,66;0,00
8.pdf;2024;8;AGOSTO;TERMINO FIJO;GAS NATURAL,ACS Y CALEFACCION;12,06;107,66;107,66;0,00
9.pdf;2024;9;SEPTEIMBRE;ACS-Agua Caliente;L.ANT:677,00 L.ACT:679,00=2,00;9,00;103,16;103,16;0,00
9.pdf;2024;9;SEPTEIMBRE;ADMINISTRACION;ADMINISTRACION;3,32;103,16;103,16;0,00
9.pdf;2024;9;SEPTEIMBRE;COMISIONES BANCARIAS;PRESUPUESTO;2,02;103,16;103,16;0,00
9.pdf;2024;9;SEPTEIMBRE;CONSUMO DE AGUA;PRESUPUESTO;0,46;103,16;103,16;0,00
9.pdf;2024;9;SEPTEIMBRE;CONSUMO ELECTRICO GARAJE;PRESUPUESTO;8,85;103,16;103,16;0,00
9.pdf;2024;9;SEPTEIMBRE;CONSUMO ELECTRICO PORTALES;PRESUPUESTO;8,85;103,16;103,16;0,00
9.pdf;2024;9;SEPTEIMBRE;FONDO DE PROVISION AL 10%;FONDO DE PROVISIÓN AL 10%;5,72;103,16;103,16;0,00
9.pdf;2024;9;SEPTEIMBRE;LIMPIEZA DE LA COMUNIDAD+ CONSUMIBLES;PRESUPUESTO;13,96;103,16;103,16;0,00
9.pdf;2024;9;SEPTEIMBRE;MANTENIMIENTO ASCENSORES;PRESUPUESTO;21,27;103,16;103,16;0,00
9.pdf;2024;9;SEPTEIMBRE;MANTENIMIENTO CALDERA;GAS NATURAL,ACS Y CALEFACCION;8,37;103,16;103,16;0,00
9.pdf;2024;9;SEPTEIMBRE;MANTENIMIENTO DE EXTINCION DE PRESUPUESTO INCENDIOS;;2,64;103,16;103,16;0,00
9.pdf;2024;9;SEPTEIMBRE;MANTENIMIENTO PORTALON;PRESUPUESTO;0,77;103,16;103,16;0,00
9.pdf;2024;9;SEPTEIMBRE;OBRAS Y MEJORAS;PRESUPUESTO;1,26;103,16;103,16;0,00
9.pdf;2024;9;SEPTEIMBRE;SEGURO COMUNITARIO;SEGURO COMUNITARIO;4,61;103,16;103,16;0,00
9.pdf;2024;9;SEPTEIMBRE;TERMINO FIJO;GAS NATURAL,ACS Y CALEFACCION;12,06;103,16;103,16;0,00
1.pdf;2025;1;ENERO;ACS-Agua Caliente;L.ANT:693,00 L.ACT:698,00=5,00;25,00;155,82;155,82;0,00
1.pdf;2025;1;ENERO;ADMINISTRACION;ADMINISTRACION;3,32;155,82;155,82;0,00
1.pdf;2025;1;ENERO;CALEF.;L.ANT:24538,00;36,66;155,82;155,82;0,00
1.pdf;2025;1;ENERO;COMISIONES BANCARIAS;PRESUPUESTO;2,02;155,82;155,82;0,00
1.pdf;2025;1;ENERO;CONSUMO DE AGUA;PRESUPUESTO;0,46;155,82;155,82;0,00
1.pdf;2025;1;ENERO;CONSUMO ELECTRICO GARAJE;PRESUPUESTO;8,85;155,82;155,82;0,00
1.pdf;2025;1;ENERO;CONSUMO ELECTRICO PORTALES;PRESUPUESTO;8,85;155,82;155,82;0,00
1.pdf;2025;1;ENERO;FONDO DE PROVISION AL 10%;FONDO DE PROVISIÓN AL 10%;5,72;155,82;155,82;0,00
1.pdf;2025;1;ENERO;LIMPIEZA DE LA COMUNIDAD+ CONSUMIBLES;PRESUPUESTO;13,96;155,82;155,82;0,00
1.pdf;2025;1;ENERO;MANTENIMIENTO ASCENSORES;PRESUPUESTO;21,27;155,82;155,82;0,00
1.pdf;2025;1;ENERO;MANTENIMIENTO CALDERA;GAS NATURAL,ACS Y CALEFACCION;8,37;155,82;155,82;0,00
1.pdf;2025;1;ENERO;MANTENIMIENTO DE EXTINCION DE PRESUPUESTO INCENDIOS;;2,64;155,82;155,82;0,00
1.pdf;2025;1;ENERO;MANTENIMIENTO PORTALON;PRESUPUESTO;0,77;155,82;155,82;0,00
1.pdf;2025;1;ENERO;OBRAS Y MEJORAS;PRESUPUESTO;1,26;155,82;155,82;0,00
1.pdf;2025;1;ENERO;SEGURO COMUNITARIO;SEGURO COMUNITARIO;4,61;155,82;155,82;0,00
1.pdf;2025;1;ENERO;TERMINO FIJO;GAS NATURAL,ACS Y CALEFACCION;12,06;155,82;155,82;0,00
10.pdf;2025;10;OCTUBRE;ACS-Agua Caliente;L.ANT:733,00 L.ACT:738,00=5,00;30,00;128,73;128,73;0,00
10.pdf;2025;10;OCTUBRE;ADMINISTRACION;ADMINISTRACION;3,53;128,73;128,73;0,00
10.pdf;2025;10;OCTUBRE;COMISIONES BANCARIAS;PRESUPUESTO;2,02;128,73;128,73;0,00
10.pdf;2025;10;OCTUBRE;CONSUMO DE AGUA;PRESUPUESTO;0,46;128,73;128,73;0,00
10.pdf;2025;10;OCTUBRE;CONSUMO ELECTRICO GARAJE;PRESUPUESTO;5,69;128,73;128,73;0,00
10.pdf;2025;10;OCTUBRE;CONSUMO ELECTRICO PORTALES;PRESUPUESTO;5,69;128,73;128,73;0,00
10.pdf;2025;10;OCTUBRE;FONDO DE PROVISION AL 10%;FONDO DE PROVISIÓN AL 10%;5,64;128,73;128,73;0,00
10.pdf;2025;10;OCTUBRE;LIMPIEZA DE LA COMUNIDAD;PRESUPUESTO;14,47;128,73;128,73;0,00
10.pdf;2025;10;OCTUBRE;MANTENIMIENTO ASCENSORES;PRESUPUESTO;23,95;128,73;128,73;0,00
10.pdf;2025;10;OCTUBRE;MANTENIMIENTO CALDERA;GAS NATURAL,ACS Y CALEFACCION;8,62;128,73;128,73;0,00
10.pdf;2025;10;OCTUBRE;MANTENIMIENTO DE EXTINCION DE PRESUPUESTO INCENDIOS;;2,64;128,73;128,73;0,00
10.pdf;2025;10;OCTUBRE;MANTENIMIENTO PORTALON;PRESUPUESTO;1,02;128,73;128,73;0,00
10.pdf;2025;10;OCTUBRE;OBRAS Y MEJORAS;PRESUPUESTO;2,32;128,73;128,73;0,00
10.pdf;2025;10;OCTUBRE;SEGURO COMUNITARIO;SEGURO COMUNITARIO;5,15;128,73;128,73;0,00
10.pdf;2025;10;OCTUBRE;TERMINO FIJO;GAS NATURAL,ACS Y CALEFACCION;17,53;128,73;128,73;0,00
11.pdf;2025;11;NOVIEMBRE;ACS-Agua Caliente;L.ANT:738,00 L.ACT:742,00=4,00;24,80;123,53;123,53;0,00
11.pdf;2025;11;NOVIEMBRE;ADMINISTRACION;ADMINISTRACION;3,53;123,53;123,53;0,00
11.pdf;2025;11;NOVIEMBRE;COMISIONES BANCARIAS;PRESUPUESTO;2,02;123,53;123,53;0,00
11.pdf;2025;11;NOVIEMBRE;CONSUMO DE AGUA;PRESUPUESTO;0,46;123,53;123,53;0,00
11.pdf;2025;11;NOVIEMBRE;CONSUMO ELECTRICO GARAJE;PRESUPUESTO;5,69;123,53;123,53;0,00
11.pdf;2025;11;NOVIEMBRE;CONSUMO ELECTRICO PORTALES;PRESUPUESTO;5,69;123,53;123,53;0,00
11.pdf;2025;11;NOVIEMBRE;FONDO DE PROVISION AL 10%;FONDO DE PROVISIÓN AL 10%;5,64;123,53;123,53;0,00
11.pdf;2025;11;NOVIEMBRE;LIMPIEZA DE LA COMUNIDAD;PRESUPUESTO;14,47;123,53;123,53;0,00
11.pdf;2025;11;NOVIEMBRE;MANTENIMIENTO ASCENSORES;PRESUPUESTO;23,95;123,53;123,53;0,00
11.pdf;2025;11;NOVIEMBRE;MANTENIMIENTO CALDERA;GAS NATURAL,ACS Y CALEFACCION;8,62;123,53;123,53;0,00
11.pdf;2025;11;NOVIEMBRE;MANTENIMIENTO DE EXTINCION DE PRESUPUESTO INCENDIOS;;2,64;123,53;123,53;0,00
11.pdf;2025;11;NOVIEMBRE;MANTENIMIENTO PORTALON;PRESUPUESTO;1,02;123,53;123,53;0,00
11.pdf;2025;11;NOVIEMBRE;OBRAS Y MEJORAS;PRESUPUESTO;2,32;123,53;123,53;0,00
11.pdf;2025;11;NOVIEMBRE;SEGURO COMUNITARIO;SEGURO COMUNITARIO;5,15;123,53;123,53;0,00
11.pdf;2025;11;NOVIEMBRE;TERMINO FIJO;GAS NATURAL,ACS Y CALEFACCION;17,53;123,53;123,53;0,00
12.pdf;2025;12;DICIEMBRE;ACS-Agua Caliente;L.ANT:742,00 L.ACT:748,00=6,00;37,20;146,46;0,00;146,46
12.pdf;2025;12;DICIEMBRE;ADMINISTRACION;ADMINISTRACION;3,53;146,46;0,00;146,46
12.pdf;2025;12;DICIEMBRE;CALEF.;L.ANT:25616,00;10,53;146,46;0,00;146,46
12.pdf;2025;12;DICIEMBRE;COMISIONES BANCARIAS;PRESUPUESTO;2,02;146,46;0,00;146,46
12.pdf;2025;12;DICIEMBRE;CONSUMO DE AGUA;PRESUPUESTO;0,46;146,46;0,00;146,46
12.pdf;2025;12;DICIEMBRE;CONSUMO ELECTRICO GARAJE;PRESUPUESTO;5,69;146,46;0,00;146,46
12.pdf;2025;12;DICIEMBRE;CONSUMO ELECTRICO PORTALES;PRESUPUESTO;5,69;146,46;0,00;146,46
12.pdf;2025;12;DICIEMBRE;FONDO DE PROVISION AL 10%;FONDO DE PROVISIÓN AL 10%;5,64;146,46;0,00;146,46
12.pdf;2025;12;DICIEMBRE;LIMPIEZA DE LA COMUNIDAD;PRESUPUESTO;14,47;146,46;0,00;146,46
12.pdf;2025;12;DICIEMBRE;MANTENIMIENTO ASCENSORES;PRESUPUESTO;23,95;146,46;0,00;146,46
12.pdf;2025;12;DICIEMBRE;MANTENIMIENTO CALDERA;GAS NATURAL,ACS Y CALEFACCION;8,62;146,46;0,00;146,46
12.pdf;2025;12;DICIEMBRE;MANTENIMIENTO DE EXTINCION DE PRESUPUESTO INCENDIOS;;2,64;146,46;0,00;146,46
12.pdf;2025;12;DICIEMBRE;MANTENIMIENTO PORTALON;PRESUPUESTO;1,02;146,46;0,00;146,46
12.pdf;2025;12;DICIEMBRE;OBRAS Y MEJORAS;PRESUPUESTO;2,32;146,46;0,00;146,46
12.pdf;2025;12;DICIEMBRE;SEGURO COMUNITARIO;SEGURO COMUNITARIO;5,15;146,46;0,00;146,46
12.pdf;2025;12;DICIEMBRE;TERMINO FIJO;GAS NATURAL,ACS Y CALEFACCION;17,53;146,46;0,00;146,46
2.pdf;2025;2;FEBRERO;ACS-Agua Caliente;L.ANT:698,00 L.ACT:705,00=7,00;42,00;211,76;211,76;0,00
2.pdf;2025;2;FEBRERO;ADMINISTRACION;ADMINISTRACION;3,32;211,76;211,76;0,00
2.pdf;2025;2;FEBRERO;CALEF.;L.ANT:24820,00;75,60;211,76;211,76;0,00
2.pdf;2025;2;FEBRERO;COMISIONES BANCARIAS;PRESUPUESTO;2,02;211,76;211,76;0,00
2.pdf;2025;2;FEBRERO;CONSUMO DE AGUA;PRESUPUESTO;0,46;211,76;211,76;0,00
2.pdf;2025;2;FEBRERO;CONSUMO ELECTRICO GARAJE;PRESUPUESTO;8,85;211,76;211,76;0,00
2.pdf;2025;2;FEBRERO;CONSUMO ELECTRICO PORTALES;PRESUPUESTO;8,85;211,76;211,76;0,00
2.pdf;2025;2;FEBRERO;FONDO DE PROVISION AL 10%;FONDO DE PROVISIÓN AL 10%;5,72;211,76;211,76;0,00
2.pdf;2025;2;FEBRERO;LIMPIEZA DE LA COMUNIDAD+ CONSUMIBLES;PRESUPUESTO;13,96;211,76;211,76;0,00
2.pdf;2025;2;FEBRERO;MANTENIMIENTO ASCENSORES;PRESUPUESTO;21,27;211,76;211,76;0,00
2.pdf;2025;2;FEBRERO;MANTENIMIENTO CALDERA;GAS NATURAL,ACS Y CALEFACCION;8,37;211,76;211,76;0,00
2.pdf;2025;2;FEBRERO;MANTENIMIENTO DE EXTINCION DE PRESUPUESTO INCENDIOS;;2,64;211,76;211,76;0,00
2.pdf;2025;2;FEBRERO;MANTENIMIENTO PORTALON;PRESUPUESTO;0,77;211,76;211,76;0,00
2.pdf;2025;2;FEBRERO;OBRAS Y MEJORAS;PRESUPUESTO;1,26;211,76;211,76;0,00
2.pdf;2025;2;FEBRERO;SEGURO COMUNITARIO;SEGURO COMUNITARIO;4,61;211,76;211,76;0,00
2.pdf;2025;2;FEBRERO;TERMINO FIJO;GAS NATURAL,ACS Y CALEFACCION;12,06;211,76;211,76;0,00
3.pdf;2025;3;MARZO;ACS-Agua Caliente;L.ANT:705,00 L.ACT:709,00=4,00;24,00;140,28;140,28;0,00
3.pdf;2025;3;MARZO;ADMINISTRACION;ADMINISTRACION;3,53;140,28;140,28;0,00
3.pdf;2025;3;MARZO;CALEF.;L.ANT:25380,00;17,55;140,28;140,28;0,00
3.pdf;2025;3;MARZO;COMISIONES BANCARIAS;PRESUPUESTO;2,02;140,28;140,28;0,00
3.pdf;2025;3;MARZO;CONSUMO DE AGUA;PRESUPUESTO;0,46;140,28;140,28;0,00
3.pdf;2025;3;MARZO;CONSUMO ELECTRICO GARAJE;PRESUPUESTO;5,69;140,28;140,28;0,00
3.pdf;2025;3;MARZO;CONSUMO ELECTRICO PORTALES;PRESUPUESTO;5,69;140,28;140,28;0,00
3.pdf;2025;3;MARZO;FONDO DE PROVISION AL 10%;FONDO DE PROVISIÓN AL 10%;5,64;140,28;140,28;0,00
3.pdf;2025;3;MARZO;LIMPIEZA DE LA COMUNIDAD;PRESUPUESTO;14,47;140,28;140,28;0,00
3.pdf;2025;3;MARZO;MANTENIMIENTO ASCENSORES;PRESUPUESTO;23,95;140,28;140,28;0,00
3.pdf;2025;3;MARZO;MANTENIMIENTO CALDERA;GAS NATURAL,ACS Y CALEFACCION;8,62;140,28;140,28;0,00
3.pdf;2025;3;MARZO;MANTENIMIENTO DE EXTINCION DE PRESUPUESTO INCENDIOS;;2,64;140,28;140,28;0,00
3.pdf;2025;3;MARZO;MANTENIMIENTO PORTALON;PRESUPUESTO;1,02;140,28;140,28;0,00
3.pdf;2025;3;MARZO;OBRAS Y MEJORAS;PRESUPUESTO;2,32;140,28;140,28;0,00
3.pdf;2025;3;MARZO;SEGURO COMUNITARIO;SEGURO COMUNITARIO;5,15;140,28;140,28;0,00
3.pdf;2025;3;MARZO;TERMINO FIJO;GAS NATURAL,ACS Y CALEFACCION;17,53;140,28;140,28;0,00
4.pdf;2025;4;ABRIL;ACS-Agua Caliente;L.ANT:709,00 L.ACT:714,00=5,00;30,00;143,04;143,04;0,00
4.pdf;2025;4;ABRIL;ADMINISTRACION;ADMINISTRACION;3,53;143,04;143,04;0,00
4.pdf;2025;4;ABRIL;CALEF.;L.ANT:25510,00;14,31;143,04;143,04;0,00
4.pdf;2025;4;ABRIL;COMISIONES BANCARIAS;PRESUPUESTO;2,02;143,04;143,04;0,00
4.pdf;2025;4;ABRIL;CONSUMO DE AGUA;PRESUPUESTO;0,46;143,04;143,04;0,00
4.pdf;2025;4;ABRIL;CONSUMO ELECTRICO GARAJE;PRESUPUESTO;5,69;143,04;143,04;0,00
4.pdf;2025;4;ABRIL;CONSUMO ELECTRICO PORTALES;PRESUPUESTO;5,69;143,04;143,04;0,00
4.pdf;2025;4;ABRIL;FONDO DE PROVISION AL 10%;FONDO DE PROVISIÓN AL 10%;5,64;143,04;143,04;0,00
4.pdf;2025;4;ABRIL;LIMPIEZA DE LA COMUNIDAD;PRESUPUESTO;14,47;143,04;143,04;0,00
4.pdf;2025;4;ABRIL;MANTENIMIENTO ASCENSORES;PRESUPUESTO;23,95;143,04;143,04;0,00
4.pdf;2025;4;ABRIL;MANTENIMIENTO CALDERA;GAS NATURAL,ACS Y CALEFACCION;8,62;143,04;143,04;0,00
4.pdf;2025;4;ABRIL;MANTENIMIENTO DE EXTINCION DE PRESUPUESTO INCENDIOS;;2,64;143,04;143,04;0,00
4.pdf;2025;4;ABRIL;MANTENIMIENTO PORTALON;PRESUPUESTO;1,02;143,04;143,04;0,00
4.pdf;2025;4;ABRIL;OBRAS Y MEJORAS;PRESUPUESTO;2,32;143,04;143,04;0,00
4.pdf;2025;4;ABRIL;SEGURO COMUNITARIO;SEGURO COMUNITARIO;5,15;143,04;143,04;0,00
4.pdf;2025;4;ABRIL;TERMINO FIJO;GAS NATURAL,ACS Y CALEFACCION;17,53;143,04;143,04;0,00
5.pdf;2025;5;MAYO;ACS-Agua Caliente;L.ANT:714,00 L.ACT:720,00=6,00;36,00;134,73;134,73;0,00
5.pdf;2025;5;MAYO;ADMINISTRACION;ADMINISTRACION;3,53;134,73;134,73;0,00
5.pdf;2025;5;MAYO;COMISIONES BANCARIAS;PRESUPUESTO;2,02;134,73;134,73;0,00
5.pdf;2025;5;MAYO;CONSUMO DE AGUA;PRESUPUESTO;0,46;134,73;134,73;0,00
5.pdf;2025;5;MAYO;CONSUMO ELECTRICO GARAJE;PRESUPUESTO;5,69;134,73;134,73;0,00
5.pdf;2025;5;MAYO;CONSUMO ELECTRICO PORTALES;PRESUPUESTO;5,69;134,73;134,73;0,00
5.pdf;2025;5;MAYO;FONDO DE PROVISION AL 10%;FONDO DE PROVISIÓN AL 10%;5,64;134,73;134,73;0,00
5.pdf;2025;5;MAYO;LIMPIEZA DE LA COMUNIDAD;PRESUPUESTO;14,47;134,73;134,73;0,00
5.pdf;2025;5;MAYO;MANTENIMIENTO ASCENSORES;PRESUPUESTO;23,95;134,73;134,73;0,00
5.pdf;2025;5;MAYO;MANTENIMIENTO CALDERA;GAS NATURAL,ACS Y CALEFACCION;8,62;134,73;134,73;0,00
5.pdf;2025;5;MAYO;MANTENIMIENTO DE EXTINCION DE PRESUPUESTO INCENDIOS;;2,64;134,73;134,73;0,00
5.pdf;2025;5;MAYO;MANTENIMIENTO PORTALON;PRESUPUESTO;1,02;134,73;134,73;0,00
5.pdf;2025;5;MAYO;OBRAS Y MEJORAS;PRESUPUESTO;2,32;134,73;134,73;0,00
5.pdf;2025;5;MAYO;SEGURO COMUNITARIO;SEGURO COMUNITARIO;5,15;134,73;134,73;0,00
5.pdf;2025;5;MAYO;TERMINO FIJO;GAS NATURAL,ACS Y CALEFACCION;17,53;134,73;134,73;0,00
6.pdf;2025;6;JUNIO;ACS-Agua Caliente;L.ANT:720,00 L.ACT:725,00=5,00;30,00;128,73;128,73;0,00
6.pdf;2025;6;JUNIO;ADMINISTRACION;ADMINISTRACION;3,53;128,73;128,73;0,00
6.pdf;2025;6;JUNIO;COMISIONES BANCARIAS;PRESUPUESTO;2,02;128,73;128,73;0,00
6.pdf;2025;6;JUNIO;CONSUMO DE AGUA;PRESUPUESTO;0,46;128,73;128,73;0,00
6.pdf;2025;6;JUNIO;CONSUMO ELECTRICO GARAJE;PRESUPUESTO;5,69;128,73;128,73;0,00
6.pdf;2025;6;JUNIO;CONSUMO ELECTRICO PORTALES;PRESUPUESTO;5,69;128,73;128,73;0,00
6.pdf;2025;6;JUNIO;FONDO DE PROVISION AL 10%;FONDO DE PROVISIÓN AL 10%;5,64;128,73;128,73;0,00
6.pdf;2025;6;JUNIO;LIMPIEZA DE LA COMUNIDAD;PRESUPUESTO;14,47;128,73;128,73;0,00
6.pdf;2025;6;JUNIO;MANTENIMIENTO ASCENSORES;PRESUPUESTO;23,95;128,73;128,73;0,00
6.pdf;2025;6;JUNIO;MANTENIMIENTO CALDERA;GAS NATURAL,ACS Y CALEFACCION;8,62;128,73;128,73;0,00
6.pdf;2025;6;JUNIO;MANTENIMIENTO DE EXTINCION DE PRESUPUESTO INCENDIOS;;2,64;128,73;128,73;0,00
6.pdf;2025;6;JUNIO;MANTENIMIENTO PORTALON;PRESUPUESTO;1,02;128,73;128,73;0,00
6.pdf;2025;6;JUNIO;OBRAS Y MEJORAS;PRESUPUESTO;2,32;128,73;128,73;0,00
6.pdf;2025;6;JUNIO;SEGURO COMUNITARIO;SEGURO COMUNITARIO;5,15;128,73;128,73;0,00
6.pdf;2025;6;JUNIO;TERMINO FIJO;GAS NATURAL,ACS Y CALEFACCION;17,53;128,73;128,73;0,00
7.pdf;2025;7;JULIO;ACS-Agua Caliente;L.ANT:725,00 L.ACT:728,00=3,00;18,00;116,73;116,73;0,00
7.pdf;2025;7;JULIO;ADMINISTRACION;ADMINISTRACION;3,53;116,73;116,73;0,00
7.pdf;2025;7;JULIO;COMISIONES BANCARIAS;PRESUPUESTO;2,02;116,73;116,73;0,00
7.pdf;2025;7;JULIO;CONSUMO DE AGUA;PRESUPUESTO;0,46;116,73;116,73;0,00
7.pdf;2025;7;JULIO;CONSUMO ELECTRICO GARAJE;PRESUPUESTO;5,69;116,73;116,73;0,00
7.pdf;2025;7;JULIO;CONSUMO ELECTRICO PORTALES;PRESUPUESTO;5,69;116,73;116,73;0,00
7.pdf;2025;7;JULIO;FONDO DE PROVISION AL 10%;FONDO DE PROVISIÓN AL 10%;5,64;116,73;116,73;0,00
7.pdf;2025;7;JULIO;LIMPIEZA DE LA COMUNIDAD;PRESUPUESTO;14,47;116,73;116,73;0,00
7.pdf;2025;7;JULIO;MANTENIMIENTO ASCENSORES;PRESUPUESTO;23,95;116,73;116,73;0,00
7.pdf;2025;7;JULIO;MANTENIMIENTO CALDERA;GAS NATURAL,ACS Y CALEFACCION;8,62;116,73;116,73;0,00
7.pdf;2025;7;JULIO;MANTENIMIENTO DE EXTINCION DE PRESUPUESTO INCENDIOS;;2,64;116,73;116,73;0,00
7.pdf;2025;7;JULIO;MANTENIMIENTO PORTALON;PRESUPUESTO;1,02;116,73;116,73;0,00
7.pdf;2025;7;JULIO;OBRAS Y MEJORAS;PRESUPUESTO;2,32;116,73;116,73;0,00
7.pdf;2025;7;JULIO;SEGURO COMUNITARIO;SEGURO COMUNITARIO;5,15;116,73;116,73;0,00
7.pdf;2025;7;JULIO;TERMINO FIJO;GAS NATURAL,ACS Y CALEFACCION;17,53;116,73;116,73;0,00
8.pdf;2025;8;AGOSTO;ACS-Agua Caliente;L.ANT:728,00 L.ACT:731,00=3,00;18,00;116,73;116,73;0,00
8.pdf;2025;8;AGOSTO;ADMINISTRACION;ADMINISTRACION;3,53;116,73;116,73;0,00
8.pdf;2025;8;AGOSTO;COMISIONES BANCARIAS;PRESUPUESTO;2,02;116,73;116,73;0,00
8.pdf;2025;8;AGOSTO;CONSUMO DE AGUA;PRESUPUESTO;0,46;116,73;116,73;0,00
8.pdf;2025;8;AGOSTO;CONSUMO ELECTRICO GARAJE;PRESUPUESTO;5,69;116,73;116,73;0,00
8.pdf;2025;8;AGOSTO;CONSUMO ELECTRICO PORTALES;PRESUPUESTO;5,69;116,73;116,73;0,00
8.pdf;2025;8;AGOSTO;FONDO DE PROVISION AL 10%;FONDO DE PROVISIÓN AL 10%;5,64;116,73;116,73;0,00
8.pdf;2025;8;AGOSTO;LIMPIEZA DE LA COMUNIDAD;PRESUPUESTO;14,47;116,73;116,73;0,00
8.pdf;2025;8;AGOSTO;MANTENIMIENTO ASCENSORES;PRESUPUESTO;23,95;116,73;116,73;0,00
8.pdf;2025;8;AGOSTO;MANTENIMIENTO CALDERA;GAS NATURAL,ACS Y CALEFACCION;8,62;116,73;116,73;0,00
8.pdf;2025;8;AGOSTO;MANTENIMIENTO DE EXTINCION DE PRESUPUESTO INCENDIOS;;2,64;116,73;116,73;0,00
8.pdf;2025;8;AGOSTO;MANTENIMIENTO PORTALON;PRESUPUESTO;1,02;116,73;116,73;0,00
8.pdf;2025;8;AGOSTO;OBRAS Y MEJORAS;PRESUPUESTO;2,32;116,73;116,73;0,00
8.pdf;2025;8;AGOSTO;SEGURO COMUNITARIO;SEGURO COMUNITARIO;5,15;116,73;116,73;0,00
8.pdf;2025;8;AGOSTO;TERMINO FIJO;GAS NATURAL,ACS Y CALEFACCION;17,53;116,73;116,73;0,00
9.pdf;2025;9;SEPTIEMBRE;ACS-Agua Caliente;L.ANT:731,00 L.ACT:733,00=2,00;12,00;110,73;110,73;0,00
9.pdf;2025;9;SEPTIEMBRE;ADMINISTRACION;ADMINISTRACION;3,53;110,73;110,73;0,00
9.pdf;2025;9;SEPTIEMBRE;COMISIONES BANCARIAS;PRESUPUESTO;2,02;110,73;110,73;0,00
9.pdf;2025;9;SEPTIEMBRE;CONSUMO DE AGUA;PRESUPUESTO;0,46;110,73;110,73;0,00
9.pdf;2025;9;SEPTIEMBRE;CONSUMO ELECTRICO GARAJE;PRESUPUESTO;5,69;110,73;110,73;0,00
9.pdf;2025;9;SEPTIEMBRE;CONSUMO ELECTRICO PORTALES;PRESUPUESTO;5,69;110,73;110,73;0,00
9.pdf;2025;9;SEPTIEMBRE;FONDO DE PROVISION AL 10%;FONDO DE PROVISIÓN AL 10%;5,64;110,73;110,73;0,00
9.pdf;2025;9;SEPTIEMBRE;LIMPIEZA DE LA COMUNIDAD;PRESUPUESTO;14,47;110,73;110,73;0,00
9.pdf;2025;9;SEPTIEMBRE;MANTENIMIENTO ASCENSORES;PRESUPUESTO;23,95;110,73;110,73;0,00
9.pdf;2025;9;SEPTIEMBRE;MANTENIMIENTO CALDERA;GAS NATURAL,ACS Y CALEFACCION;8,62;110,73;110,73;0,00
9.pdf;2025;9;SEPTIEMBRE;MANTENIMIENTO DE EXTINCION DE PRESUPUESTO INCENDIOS;;2,64;110,73;110,73;0,00
9.pdf;2025;9;SEPTIEMBRE;MANTENIMIENTO PORTALON;PRESUPUESTO;1,02;110,73;110,73;0,00
9.pdf;2025;9;SEPTIEMBRE;OBRAS Y MEJORAS;PRESUPUESTO;2,32;110,73;110,73;0,00
9.pdf;2025;9;SEPTIEMBRE;SEGURO COMUNITARIO;SEGURO COMUNITARIO;5,15;110,73;110,73;0,00
9.pdf;2025;9;SEPTIEMBRE;TERMINO FIJO;GAS NATURAL,ACS Y CALEFACCION;17,53;110,73;110,73;0,00
derrama.pdf;2025;;;DERRAMA FONDO CALDERA;DERRAMA FONDO CALDERA;89,79;114,74;114,74;0,00
derrama.pdf;2025;;;DERRAMA FONDO REPARACIONES;DERRAMA FONDO REPARACIONES;24,95;114,74;114,74;0,00
1.pdf;2026;1;ENERO;ACS-Agua Caliente;L.ANT:748,00 L.ACT:754,00=6,00;37,20;234,08;234,08;0,00
1.pdf;2026;1;ENERO;ADMINISTRACION;ADMINISTRACION;3,53;234,08;234,08;0,00
1.pdf;2026;1;ENERO;CALEF.;L.ANT:25694,00;98,15;234,08;234,08;0,00
1.pdf;2026;1;ENERO;COMISIONES BANCARIAS;PRESUPUESTO;2,02;234,08;234,08;0,00
1.pdf;2026;1;ENERO;CONSUMO DE AGUA;PRESUPUESTO;0,46;234,08;234,08;0,00
1.pdf;2026;1;ENERO;CONSUMO ELECTRICO GARAJE;PRESUPUESTO;5,69;234,08;234,08;0,00
1.pdf;2026;1;ENERO;CONSUMO ELECTRICO PORTALES;PRESUPUESTO;5,69;234,08;234,08;0,00
1.pdf;2026;1;ENERO;FONDO DE PROVISION AL 10%;FONDO DE PROVISIÓN AL 10%;5,64;234,08;234,08;0,00
1.pdf;2026;1;ENERO;LIMPIEZA DE LA COMUNIDAD;PRESUPUESTO;14,47;234,08;234,08;0,00
1.pdf;2026;1;ENERO;MANTENIMIENTO ASCENSORES;PRESUPUESTO;23,95;234,08;234,08;0,00
1.pdf;2026;1;ENERO;MANTENIMIENTO CALDERA;GAS NATURAL,ACS Y CALEFACCION;8,62;234,08;234,08;0,00
1.pdf;2026;1;ENERO;MANTENIMIENTO DE EXTINCION DE PRESUPUESTO INCENDIOS;;2,64;234,08;234,08;0,00
1.pdf;2026;1;ENERO;MANTENIMIENTO PORTALON;PRESUPUESTO;1,02;234,08;234,08;0,00
1.pdf;2026;1;ENERO;OBRAS Y MEJORAS;PRESUPUESTO;2,32;234,08;234,08;0,00
1.pdf;2026;1;ENERO;SEGURO COMUNITARIO;SEGURO COMUNITARIO;5,15;234,08;234,08;0,00
1.pdf;2026;1;ENERO;TERMINO FIJO;GAS NATURAL,ACS Y CALEFACCION;17,53;234,08;234,08;0,00
2.pdf;2026;2;FEBRERO;ACS-Agua Caliente;L.ANT:754,00 L.ACT:760,00=6,00;37,20;262,70;262,70;0,00
2.pdf;2026;2;FEBRERO;ADMINISTRACION;ADMINISTRACION;3,53;262,70;262,70;0,00
2.pdf;2026;2;FEBRERO;CALEF.;L.ANT:26421,00;126,77;262,70;262,70;0,00
2.pdf;2026;2;FEBRERO;COMISIONES BANCARIAS;PRESUPUESTO;2,02;262,70;262,70;0,00
2.pdf;2026;2;FEBRERO;CONSUMO DE AGUA;PRESUPUESTO;0,46;262,70;262,70;0,00
2.pdf;2026;2;FEBRERO;CONSUMO ELECTRICO GARAJE;PRESUPUESTO;5,69;262,70;262,70;0,00
2.pdf;2026;2;FEBRERO;CONSUMO ELECTRICO PORTALES;PRESUPUESTO;5,69;262,70;262,70;0,00
2.pdf;2026;2;FEBRERO;FONDO DE PROVISION AL 10%;FONDO DE PROVISIÓN AL 10%;5,64;262,70;262,70;0,00
2.pdf;2026;2;FEBRERO;LIMPIEZA DE LA COMUNIDAD;PRESUPUESTO;14,47;262,70;262,70;0,00
2.pdf;2026;2;FEBRERO;MANTENIMIENTO ASCENSORES;PRESUPUESTO;23,95;262,70;262,70;0,00
2.pdf;2026;2;FEBRERO;MANTENIMIENTO CALDERA;GAS NATURAL,ACS Y CALEFACCION;8,62;262,70;262,70;0,00
2.pdf;2026;2;FEBRERO;MANTENIMIENTO DE EXTINCION DE PRESUPUESTO INCENDIOS;;2,64;262,70;262,70;0,00
2.pdf;2026;2;FEBRERO;MANTENIMIENTO PORTALON;PRESUPUESTO;1,02;262,70;262,70;0,00
2.pdf;2026;2;FEBRERO;OBRAS Y MEJORAS;PRESUPUESTO;2,32;262,70;262,70;0,00
2.pdf;2026;2;FEBRERO;SEGURO COMUNITARIO;SEGURO COMUNITARIO;5,15;262,70;262,70;0,00
2.pdf;2026;2;FEBRERO;TERMINO FIJO;GAS NATURAL,ACS Y CALEFACCION;17,53;262,70;262,70;0,00
